run,time,country,Yprod,Export,Import,nFirm,avWage,nOccupied,avPhi,phiCountry,nBank,publicDeficit,publicDebt,avPrice,bankLoan,bankBonds,cbBonds,netWorthFirm,enteringFirm,exitingFirm,enteringFirmTradable,exitingFirmTradable,enteringBank,exitingBank,netWorthBank,nFirmTradable,nfirmNotTradable,netWorthFirmTradable,avPhiTradable,avPhiNotTradable,avPCTradable,avPCNotTradable,Saving,nCreditLink,averageFirmProfit,adjust,Ysold,Salvatage,badDebt,taxRate,G,creditCapitalInflow,creditCapitalOutflow,creditBondInflow,creditBondOutflow,ExpenditureC,disposableIncomeC,productionSoldValue,changeInventoryValue,inventoryQuantity,rDiscount,loanDemanded,averageInterestRate,inventoryValue,productionQuantity,EnterValue,innovationExpenditure,labPolicy,nWorkerDesired,whichPolicy,HI,profitRate,wageShare,xESum,xESumTradable,innovationExpenditureCorr,probInn,innSuccess,innovationExpenditureWeighted,loanReceived,xProducing,CA,PrivateSaving,diffCreditFlow,diffBondFlow
42,0,0,0,0,0,0,1.0,0,0,1.0,0,200.0,200.0,1.0,0,0,200.0,0,0,0,0,0,0,0,0,0,0,0,1.0,1.0,1.0,1.0,200.0,0,0,no,0,0,0,0.4,200.0,0,0,0,0,0,200.0,0,0,0,0.001,0,0,0,0,0,0,no,0,nn,0,0,0,0,0,0,0,0,0,0,0,0,200.0,0,0
42,0,1,0,0,0,0,1.0,0,0,1.0,0,200.0,200.0,1.0,0,0,200.0,0,0,0,0,0,0,0,0,0,0,0,1.0,1.0,1.0,1.0,200.0,0,0,no,0,0,0,0.4,200.0,0,0,0,0,0,200.0,0,0,0,0.001,0,0,0,0,0,0,no,0,nn,0,0,0,0,0,0,0,0,0,0,0,0,200.0,0,0
42,1,0,10.0,0,0,1,1.0,10.0,1.0,1.0,0,196.0,396.0,1.0,0,0,396.0,10,1,0,0,0,0,0,0,0,1,0,1.0,1.0,1.0,1.0,195.99999999999997,0,0.0,no,10.0,0,0,0.4,200.0,0,0,0,0,10.0,205.99999999999997,10.0,0.0,0.0,0.001,3.0,0,0.0,10.0,10,0,no,10.0,nn,1.0,0.0,1.0,10.0,0,0.0,0.0,0,0.0,0,12.0,0,195.99999999999997,0,0
42,1,1,10.0,0,0,1,1.0348866713162437,9.66289380003443,1.0,1.0,0,196.0,396.0,1.0348866713162437,0,0,396.0,10,1,0,0,0,0,0,0,0,1,0,1.0,1.0,1.0,1.0348866713162437,196.00000000000003,0,0.0,no,10.0,0,0,0.4,200.0,0,0,0,0,10.0,205.99999999999997,10.0,0.0,0.0,0.001,3.453526727111168,0,0.0,9.66289380003443,10,0,no,9.66289380003443,nn,1.0,0.0,1.0,10.0,0,0.0,0.0,0,0.0,0,12.0,0,195.99999999999997,0,0
42,2,0,20.541935481515168,7.152477466038961,0,11,1.027096774075758,20.0,1.0,1.0,1,191.78322580739393,587.7832258073939,1.0270967740757584,38.75077910269253,0,587.7832258073939,110.0,10,0,6,0,1,0,40.0,6,5,60,0,1.0,1.0217824951484231,1.029958308882785,203.2348821416079,11,0.0,no,20.541935481515168,0,0,0.40640930593623614,200.0,18.89074275333666,23.75077910269253,0,0,13.389458015476206,212.32516128890904,20.541935481515168,0.0,0.0,0.001,33.89074275333666,0.001684381260854276,0.0,20.0,140.0,0,no,143.3156769855119,nn,0.5460931153170411,0.0,1.0,110.26306415459325,60.0,0.0,0.0,0,0.0,33.89074275333666,132.3156769855119,7.163792081421585,198.94701788881548,0.011314615382623572,0
42,2,1,21.207473454308428,0,7.152477466038961,11,1.0603736727154214,20.0,1.0,1.0,1,191.51701061827663,587.5170106182767,1.0603736727154214,32.740189126460635,0,587.5170106182767,110.0,10,0,4,0,1,0,40.0,4,7,40,0,1.0,1.0,1.0603736727154214,188.00705125013062,11,0.0,no,21.207473454308428,0,0,0.4031144848302035,200.0,23.75077910269253,18.89074275333666,0,0,28.359950920347387,212.72448407258497,21.207473454308428,0.0,0.0,0.001,37.60022547581651,0.002333976004819871,0.0,20.0,140.0,0,no,143.0,nn,0.5458326377222432,0.0,1.0,110.0,40.0,0.0,0.0,0,0.0,37.60022547581651,132.0,-7.163792081421585,184.35321853685494,-0.011314615382623572,0
42,3,0,16.550228145825017,5.146944305218998,0,23,1.0343892591140638,16.0,1.0,1.0,3,193.04301952373064,780.8262453311246,1.0343892591140635,95.62920176035576,62.323038369695894,726.1684081579459,230.00480871735823,12,0,4,0,2,0,119.48803437163855,10,13,100.00212603605603,1.0,1.0,1.0325904378248323,1.0367020293430753,202.99037676137434,34,0.00034181744732941544,no,16.550228145825017,0,0,0.4140367625497332,200.0,36.01018379988314,55.27882771857374,39.04131226655623,46.70651346307339,11.40328384060602,210.11451396909393,16.550228145825017,0.0,0.0,0.010644918571183338,76.36055784166518,0.009298221576873081,0.0,16.0,200.00279477315235,0,no,301.08410380480257,nn,0.28967613596886926,0.0006574341584555418,1.0,231.7367531706688,100.0,0.0,0.0,0,0.0,76.36055784166518,278.08410380480257,5.378218700614628,198.4212382243453,0.23127439539563,0
42,3,1,21.748756745257026,0,5.146944305218998,23,1.0874378372628513,20.0,1.0048922787349652,1.0,3,190.9248804329467,778.4418910512234,1.0874378372628513,66.04366077812921,116.88550137167854,653.8911884830277,230.00441611597356,12,0,5,0,2,0,119.48824591666697,9,14,90.00186693022768,0,1.0,1.0,1.0874378372628513,189.89985092681886,34,0.00030949583866033857,no,21.748756745257026,0,0,0.4179827723749344,200.0,55.27882771857374,36.01018379988314,46.70651346307339,39.04131226655623,26.895701050476024,213.39490262000302,21.748756745257026,0.0,0.0,0.010644918571183338,85.31230469681982,0.015203551905688074,0.0,20.0,200.00344247890382,0.22179961091862652,no,299.4192638016189,nn,0.3123700575789284,0.0004448249993476706,0.9953383625270382,230.3493865013491,90.0,0.20917117863803486,0.15408546159331016,1,0.03273541510854055,85.31230469681982,276.4192638016189,-5.378218700614628,185.54666173233207,-0.23127439539563,0
42,4,0,21.18226755066074,1.7449883331640799,0,37,1.0591133775330368,20.0,1.0,1.0,4,192.7126094146868,973.5388547458117,1.059113377533037,161.92231701299107,19.489743058576984,963.8034661983536,369.441750648176,14,0,4,0,1,0,159.3185877770237,14,23,139.75624002589154,1.0,1.0,1.0591225541849232,1.0591042008811509,201.23284808090264,60,-0.0015240780669598531,no,21.18226755066074,0,0,0.42816468700488525,200.0,45.28846029542255,76.40903219456902,9.735388547458117,19.489743058576984,19.437279217496663,215.32317332381174,21.18226755066074,0.0,0.0,0.014540600572330638,130.80174511384465,0.012608113160727777,0.0,20.0,179.59881826380405,0.09290966273563167,no,485.20906245633176,nn,0.17110156053412812,-0.005314552547079303,1.0,373.5075520469431,140.0,0.0898207922375443,0.07044137885356472,0,0.013931321615069828,130.80174511384465,448.20906245633176,3.0160832219233162,195.72869263661013,0.4983055160272869,0.7727893727319497
42,4,1,22.298909600706025,0,1.7449883331640799,36,1.1149454800353011,20.0,1.0085896676574748,1.0014180492323008,4,196.0452618776255,974.4871529288492,1.1055679545625194,112.68183998800662,68.20461772318906,896.5281806945413,359.11393425821177,13,0,4,0,1,0,159.43650699329825,13,23,129.77747243218255,0,1.0048922787349652,1.0,1.1055679545625194,198.60481180265955,59,-0.0024796638972008045,no,22.298909600706025,0,0,0.42062786439750816,200.0,76.40903219456902,45.28846029542255,19.489743058576984,9.735388547458117,24.043897933870102,218.14991955231503,22.298909600706025,0.0,0.0,0.014540600572330638,143.80241188715303,0.020102793576409473,0.0,20.16964177433114,169.53322497076732,0.5561657011318794,no,468.46837832110975,nn,0.19626375744155405,-0.005358168439727207,1.0,361.9207499745651,130.0,0.5107217429310661,0.3771085821239504,0,0.07402392193028197,143.80241188715303,434.3048999694782,-3.0160832219233162,193.02917865570214,-0.4983055160272869,-0.7727893727319497
42,5,0,21.644457022267776,13.974130356671235,0,51,1.0822228511133887,20.0,1.0,1.0,5,189.44055780959357,1162.9794125554054,1.082222851113389,216.22864980413934,46.69537349397753,1116.4602360531892,508.03455507914197,14,0,8,0,1,0,199.51169529646236,22,29,219.1717265599738,1.0,1.0,1.0839145368951015,1.0726366316836833,213.46429283429444,88,-0.002769881605424987,no,21.644457022267776,0,0,0.44023355540272335,200.0,88.81620601306545,112.89060162391542,34.889382376662155,35.06557936842347,7.6703266655965425,214.27196883632772,21.644457022267776,0.0,0.0,0.019247373802028418,192.15425419328938,0.01811972074801408,0.0,20.0,180.07739601799398,0.44643712946065905,no,668.0109098383663,nn,0.22731866683402294,-0.011146219780866438,1.0,514.1757581986386,220.0,0.42151967761990927,0.32093969787090215,1,0.07195647045885979,192.15425419328938,617.0109098383663,15.531694281159236,204.97225209075282,0.5139269703633431,1.0436369541246577
42,5,1,22.994142231041206,0,13.974130356671235,48,1.1497071115520607,20.0,1.0088243091199578,1.0042825632901005,5,194.3654926852667,1168.8526456141158,1.1397863872410867,185.8504138539647,34.889382376662155,1133.7870662456924,477.0230106607194,12,0,6,0,1,0,199.76262574816548,19,29,189.2879436591282,0,1.0085896676574748,1.1258596431790604,1.1422191365457834,187.72338254983768,84,-0.004383276174866934,no,22.994142231041206,0,0,0.4251560711215902,200.0,112.89060162391542,88.81620601306545,35.06557936842347,34.889382376662155,36.96827258771245,217.40431839827107,22.994142231041206,0.0,0.0,0.019247373802028418,209.92480946481462,0.023250648603373784,0.0,20.17408041404999,160.00851455425462,0.36947225636723574,no,624.5586814211968,nn,0.1406952228552823,-0.01726934492552488,1.0,483.1613380503715,190.0,0.33276716630674885,0.2517898980654365,0,0.04604638331062081,209.92480946481462,579.7936056604458,-15.531694281159236,178.8337984041075,-0.5139269703633431,-1.0436369541246577
42,6,0,22.206686655399658,2.0443977567487415,1.1381612178509286,61,1.110334332769983,20.0,1.0008434028441595,1.0,6,191.10280989194894,1354.0822224473538,1.1103343327699828,308.51280877868237,40.67405349537914,1327.0005779984067,605.0169354976857,10,0,6,0,1,0,239.59579631782773,28,33,277.7863503058228,1.0,1.0,1.1123092066847495,1.1087185268397193,208.0623512398071,112,-0.004987661343684738,no,22.206686655399658,0,0,0.45,200.0,88.61634946456421,146.71864271592142,0,13.592409046432067,21.300450116501846,216.32926808714157,22.206686655399658,0.0,0.0,0.025452027027612907,250.41051552732515,0.021674590687882817,0.0,20.0,139.7908598452009,0.4570056775062298,no,799.0203631442148,nn,0.13076622382870035,-0.021891743682580702,0.9991811078614079,615.0169692868457,280.0,0.4222842615419395,0.31519954564221386,2,0.04596331402120546,250.41051552732515,738.0203631442148,2.255511660223275,193.35832155217219,1.578377505233334,-0.22910238390787185
42,6,1,23.430408938666407,1.1381612178509286,2.0443977567487415,61,1.17152044693332,20.0,1.016427499190639,1.0056531974286238,6,190.38825902909065,1359.2409046432067,1.1567532635407343,226.45229040858823,27.184818092864134,1318.4636775039105,603.6538787496236,13,0,8,0,1,0,240.01692829383484,27,34,268.2421770783169,1.0,1.0103657556906993,1.1448597923343506,1.1588210554491165,200.79438291090293,109,-0.005581231281200917,no,23.430408938666407,0,0,0.4361393497086383,200.0,146.71864271592142,88.61634946456421,13.592409046432067,0,24.33664547756421,216.75657625462458,23.430408938666407,0.0,0.0,0.025452027027612907,284.55458365994554,0.033780655373074134,0.0,20.25532123155434,170.02393548274492,0.4534402815189576,no,793.4603388457859,nn,0.1164528986274383,-0.026836349939203943,0.9966527489861192,614.1165540452582,270.0,0.39559281371155425,0.30519076465785566,2,0.047454332120488295,284.55458365994554,736.9398648543098,-2.255511660223275,188.1327473688674,-1.578377505233334,0.22910238390787185
42,7,0,22.97552899295872,1.2579095788879142,1.190167759134641,74,1.1487764496479358,20.0,1.0017123703865123,1.0002735851527227,8,185.50186977491552,1539.5840922222692,1.1468419501228657,404.988735362709,30.90517228923077,1524.1882513000464,730.0491140562119,13,0,5,0,2,0,319.3607748180338,33,41,325.34718793613786,1.0018742285425768,1.0,1.1542665804888932,1.1418713233642892,206.0926239675029,135,-0.006804777029140028,no,22.97552899295872,0,0,0.45,200.0,158.0065676212152,238.03652462422235,0,15.509331367008077,22.907787173205442,217.49321396200293,22.97552899295872,0.0,0.0,0.028033961782318872,324.95877835970174,0.02358118277464518,0.0,20.03373611376638,209.40090996440776,0.5342928406821416,no,969.1362035768819,nn,0.1884456476371423,-0.03802990409175118,1.0,746.672064852434,330.0,0.4810683505943953,0.37128008398112633,1,0.08119306173655869,324.95877835970174,896.0064778229205,5.2345616135650985,190.73643138848053,2.4104221737677562,2.756397620044069
42,7,1,23.94148779395067,1.190167759134641,1.2579095788879142,71,1.1963463171512232,20.0,1.01078105574482,1.006733974464179,7,191.69223205760107,1550.9331367008076,1.1844838023010846,276.7042750054325,15.509331367008077,1519.9144739667915,697.8102481690793,10,0,6,0,1,0,280.47007365158663,33,38,326.0451923738031,1.0,1.019283574537518,1.1799868321990417,1.1852675837517623,205.78540312911002,132,-0.008374240125990017,no,23.94148779395067,0,0,0.45,200.0,238.03652462422235,158.0065676212152,15.509331367008077,0,24.009229613703944,216.86863997304914,23.94148779395067,0.0,0.0,0.028033961782318872,356.7342320084397,0.03814785203764594,0.0,20.212591972502945,140.22500517377338,0.42220658265368227,no,923.3328029692965,nn,0.12085828267632234,-0.03735697753899285,0.9993917900570122,714.8716933608371,330.0,0.36255136252148806,0.28139444523183,1,0.053637392205688285,356.7342320084397,857.8460320330042,-5.2345616135650985,186.45767044403615,-2.4104221737677562,-2.756397620044069
42,8,0,23.424753108512594,9.376535066068376,2.4480437103386703,82,1.1712376554256299,20.0,1.0025663947201122,1.000994715468801,9,182.13885725516494,1721.722949477434,1.1682816592031755,471.0249249264264,17.409228259493553,1721.722949477434,802.9208150843647,8,0,5,0,1,0,359.7591195834161,38,44,372.2191390618881,1.0042701398162217,1.0,1.1782879963308428,1.1559954291147387,220.5943771352371,156,-0.008877960115030748,no,23.42475310851259,0,0,0.45,200.0,144.46421519189158,226.88066035097776,0,17.409228259493553,16.496261752782885,218.19988813630437,23.42475310851259,5.369440963927262e-16,4.440892098500626e-16,0.03329768469344414,388.6084797673401,0.028691665992915998,5.369440963927262e-16,20.05060417064957,119.99476080791996,0.5208098110928362,no,1073.4388008968372,nn,0.10633365508731323,-0.04543629941197321,1.0,827.3631506691238,380.0,0.4536739070885003,0.3439672913223256,2,0.05298149842670003,388.6084797673401,992.8357808029482,13.353800491528899,195.49265774669365,2.9106855217353313,3.5146236140638614
42,8,1,24.76127118939156,2.4480437103386703,9.376535066068376,80,1.2380635594695781,20.0,1.0117495513194992,1.006505194133928,8,189.98968924854785,1740.9228259493552,1.223833749931823,353.6521440294217,0,1723.5135976898616,779.802092470961,9,0,2,0,1,0,320.4246365446039,35,45,342.74865374907426,1.0,1.0126600968146442,1.2240218551693351,1.223813115923851,204.13061748290988,151,-0.010269471928117703,no,24.76127118939156,0,0,0.45,200.0,226.88066035097776,144.46421519189158,17.409228259493553,0,31.68976254512127,216.79237846114958,24.76127118939156,0.0,0.0,0.03329768469344414,436.06858918850816,0.043159022228612974,0.0,20.232544813191296,129.88736892074203,0.433147216926467,no,1040.2502112660009,nn,0.1466283632113294,-0.0430210434123766,1.0,805.9520564087262,350.0,0.3633209003088834,0.2808973675918208,0,0.029034636653495965,436.06858918850816,967.1424676904712,-13.353800491528899,176.63588875701907,-2.9106855217353313,-3.5146236140638614
42,9,0,23.89126958420581,11.558501073712698,0,83,1.1945634792102902,20.0,1.0008569066937676,1.0014492725761772,9,177.9351177450371,1899.6580672224711,1.1935568299852148,401.29978605783487,0,1899.6580672224711,802.8512979531541,1,0,0,0,0,0,360.16640561250455,38,45,367.59145614326445,1.0046565566808814,1.0,1.1946909244896096,1.1921685889275537,244.4661335613192,165,-0.012542194497140691,no,23.89126958420581,0,0,0.45,200.0,236.17765040896185,211.7969164749681,0,0,12.332768510493112,218.82246884096404,23.89126958420581,-5.482083276787431e-16,0.0,0.036521296020409655,425.68051999182865,0.04046352750911743,0.0,20.01686805688319,10,0.5665133417221595,no,1086.5865197101061,nn,0.1364054788255151,-0.06341569225061762,1.0,837.486249680181,379.97824912839064,0.4842098591493122,0.3764119224059017,0,0.044408592251105564,425.68051999182865,1004.9834996162169,15.05497955674615,192.99009730178292,-0.8809828742012655,4.3774613572347185
42,9,1,25.217511776389657,0,11.558501073712698,81,1.2608755888194831,20.0,1.0085048691506604,1.0072346550371265,9,187.37258027942772,1928.2954062287831,1.2504220744486754,502.8362482986021,0,1928.2954062287831,778.1527900873167,1,0,0,0,1,0,360.1752817365822,35,46,338.2110864033914,1.0,1.0130384061052555,1.2397942618848177,1.252279304405369,212.84800720627123,161,-0.014970456357725391,no,25.217511776389657,0,0,0.45,200.0,211.7969164749681,236.17765040896185,0,0,36.77601285010236,217.11524989282125,25.217511776389657,0.0,0.0,0.036521296020409655,478.45551436460823,0.03653594200884539,0.0,20.167199773331202,49.90331609367142,0.44447864756273103,no,1053.2782901465146,nn,0.10623834682951575,-0.07188966414077133,1.0,816.2157641232642,350.0,0.36057683073217983,0.2832820518414816,0,0.03937239614348036,478.45551436460823,979.4589169479168,-15.05497955674615,172.31760072268185,0.8809828742012655,-4.3774613572347185
42,10,0,22.988850064365366,7.113696197484636,0,83,1.2099394770718614,19.0,1.0019978636740692,1.0014327121423177,9,182.49786817372797,2082.155935396199,1.2075592274145814,449.61128235330216,0,2082.155935396199,790.5314681180989,0,0,0,0,0,0,360.1397620756777,38,45,361.87241666506605,1.0015569386996053,1.0,1.2074044258664776,1.2081411826023591,259.83386643208416,166,-0.015584237101128275,no,22.988850064365366,0,0,0.45,200.0,218.84140612519454,204.83142310828237,0,0,15.87515386688073,216.890411278859,22.988850064365366,0.0,0.0,0.0373890212449331,463.6212653702145,0.04040743153678103,0.0,19.037451366741774,0,0.5047158848070745,no,1086.5865197101061,nn,0.08150581202398716,-0.08022769799428818,1.0,837.486249680181,379.97824912839064,0.42226209435433343,0.3259025259193391,0,0.03275111019118466,463.6212653702145,1004.9834996162169,6.626781542441755,189.12464971616976,-0.4869146550428809,0
42,10,1,25.72038656170522,0,7.113696197484636,83,1.2860193280852612,20.0,1.0104298432777061,1.0074445237944472,9,178.79402800846788,2107.089434237251,1.2729441659382301,543.5546969440006,21.07089434237251,2086.018539894879,783.924388525204,2,0,1,0,0,0,360.5059991585939,36,47,342.72649663195466,1.0,1.009991110808523,1.2464609572500727,1.2743231096105037,234.79379169239368,164,-0.01815022184586014,no,25.72038656170522,0,0,0.45,200.0,204.83142310828237,218.84140612519454,0,0,32.83408275918986,219.3040617716413,25.72038656170522,0.0,0.0,0.0373890212449331,529.5447139270884,0.038438201722207445,0.0,20.205431824849814,20,0.4554588347282417,no,1079.4051958773264,nn,0.11208007525696373,-0.0840879774647013,1.0,836.4369368158663,360.0,0.36155249116469246,0.2806656167729158,0,0.05278112300261416,529.5447139270884,1003.7243241790393,-6.626781542441755,172.167246466026,0.4869146550428809,0
42,11,0,23.527560715211287,0.21856818682392246,1.2586836901370333,84,1.2382926692216465,19.0,1.0003503839453,1.0014337919294505,9,181.26216798677302,2263.418103382972,1.2378616429531737,604.2413337594771,0,2263.418103382972,786.5463823598213,1,0,0,0,0,0,360.3936359322787,38,46,355.42314161022273,1.0025293004515774,1.0,1.239860248964403,1.2360615752965765,271.0833854663973,167,-0.017780370073433402,no,23.527560715211287,0,0,0.45,200.0,189.2009953457946,287.7252449687995,0,0,24.567676218524397,217.82431755081345,23.527560715211287,0.0,0.0,0.03535986635701692,505.71708413647195,0.03124837176872304,0.0,19.006615843658786,10,0.29500748700208995,no,1099.9121831970997,nn,0.08612228730828782,-0.08798572460554738,1.0,847.7576359193422,379.97824912839064,0.243950861006544,0.1909834111484492,0,0.02166101212102909,505.71708413647195,1017.3091631032103,2.7317179893959387,183.99388597616888,3.7718334927090496,0
42,11,1,26.325619149400925,1.2586836901370333,0.21856818682392246,83,1.3162809574700463,20.0,1.0154625124683574,1.0073929855247457,9,179.38479199776242,2286.4742262350137,1.2963763981391552,474.84163960497415,22.864742262350138,2263.6094839726634,767.4848941038994,0,0,0,0,0,0,361.0344577890188,36,47,336.30154145556446,1.0,1.0109729106438983,1.2586836901370333,1.2983286720262042,263.456808948579,166,-0.021419958291816414,no,26.325619149400925,0,0,0.45,200.0,287.7252449687995,189.2009953457946,0,0,25.285503646087818,222.0456620403503,26.325619149400925,0.0,0.0,0.03535986635701692,573.365889227979,0.04546431589823549,0.0,20.307079940046155,0,0.39275928199268606,no,1079.4051958773262,nn,0.11023792321395699,-0.09726471050708366,1.0,836.4369368158663,360.0,0.3062796766296524,0.2362089674389397,0,0.03435737783732252,573.365889227979,1003.7243241790393,-2.7317179893959387,176.65307400836662,-3.7718334927090496,0
42,12,0,25.571478297770128,2.684253027101102,2.6311930144923465,84,1.2785739148885067,20.0,1.0008298302675913,1.0014183740524123,9,176.7743826484878,2440.19248603146,1.2785739148885065,572.7950354811162,24.682208113289526,2440.19248603146,771.9382002422791,0,0,0,0,0,0,360.63634267371407,38,46,348.71200375218376,1.0007394134669119,1.0,1.2840322153102015,1.2703864642559637,292.023514181199,168,-0.018924030593326556,no,25.571478297770128,0,0,0.45,200.0,264.002215698766,292.32265807593933,0,24.682208113289526,25.518418285161374,220.67454715993532,25.571478297770128,0.0,0.0,0.03648826106229841,544.4745931039428,0.03674903570327068,0.0,20.0,0,0.4863848318637196,no,1099.9121831970997,nn,0.12191811302569215,-0.08930730021777553,0.9991983631383913,847.7576359193422,379.97824912839064,0.3923668982874046,0.3072941651952684,2,0.049608746397808295,544.4745931039428,1017.3091631032103,1.2238968669185102,177.99827951540647,1.170836854309755,0
42,12,1,26.760904202324706,2.6311930144923465,2.684253027101102,83,1.3380452101162357,20.0,1.0130569597125398,1.0073908728324683,9,181.74658509393882,2468.2208113289525,1.3210042707868943,587.1802122856175,0,2443.538603215663,750.2436261760297,0,0,0,0,0,0,361.28920392974095,36,47,329.5136737727017,1.0,1.0162633851283542,1.324437578352582,1.3198791863658068,281.35154197171477,166,-0.022980892241295084,no,26.760904202324706,0,0,0.45,200.0,292.32265807593933,264.002215698766,24.682208113289526,0,26.813964214933463,221.76474843207828,26.760904202324706,0.0,0.0,0.03648826106229841,615.5006546627908,0.040896884882750284,0.0,20.257999761335974,0,0.435330123368722,no,1079.4051958773264,nn,0.10040183051695493,-0.09886240057001788,1.0,836.4369368158663,360.0,0.3333416589894326,0.257849084057008,0,0.05377644469095678,615.5006546627908,1003.7243241790393,-1.2238968669185102,180.52268822702018,-1.170836854309755,0
42,13,0,26.167295545656636,14.668707272413156,0.7631833410486456,84,1.308364777282832,20.0,1.0039487989088616,1.0016182130999232,9,171.59150553865123,2611.783991570111,1.3072799568064584,621.1368538312622,0,2611.783991570111,755.2037368341281,0,0,0,0,0,0,360.8068523123945,38,46,341.0979561537226,1.0013830504459855,1.0,1.3201725545514889,1.277161566508599,327.2379116046605,168,-0.022158872621980314,no,26.167295545656636,0,0,0.45,200.0,281.01306774342675,314.64163928824115,0,0,12.261771614292128,223.3880336767297,26.167295545656636,0.0,0.0,0.03906794182581184,587.5082822864474,0.03922162687416457,0.0,20.016596605351825,0,0.537799202310419,no,1099.7162753382956,nn,0.10744131692938351,-0.10396388389561023,0.997045537498028,847.7576359193422,379.97824912839064,0.4199446964753926,0.3273226919824076,2,0.05315275672145742,587.5082822864474,1017.3091631032103,23.26051965652256,194.85202519517398,1.5119681269633247,7.843027598194723
42,13,1,27.727786207489896,0.7631833410486456,14.668707272413156,83,1.3863893103744949,20.0,1.0093287986430257,1.007388504989836,9,184.0271485807501,2652.2479599097023,1.3737407459253825,627.9025562281785,0,2652.2479599097023,730.776229447827,0,0,0,0,0,0,361.6518765100988,36,47,321.88037150011127,1.0,1.0173356855995421,1.3420667558947035,1.3815691445508207,286.1083613533865,166,-0.026639340394134337,no,27.727786207489896,0,0,0.45,200.0,314.64163928824115,281.01306774342675,0,0,41.6333101388544,221.8548449697207,27.727786207489896,0.0,0.0,0.03906794182581184,661.531127772993,0.0441042768285338,0.0,20.18414776567746,0,0.4443806095091801,no,1079.4051958773264,nn,0.10203814885995609,-0.11715208201930151,1.0,836.4369368158663,360.0,0.3339288083561991,0.26048711663635504,0,0.040718410941619834,661.531127772993,1003.7243241790393,-23.26051965652256,160.76662892422735,-1.5119681269633247,-7.843027598194723
42,14,0,26.663925786536563,6.703845788440218,2.222491516755378,84,1.3331962893268279,20.0,1.0024503632051223,1.002210698974401,9,175.09986300078063,2786.883854570892,1.3299758510818702,605.5324475167828,0,2786.883854570892,735.5475381474424,0,0,0,0,0,0,361.2027578916638,38,46,331.9969173352254,1.0028474936270608,1.006521557554586,1.3381370763897016,1.3176846086100982,337.64435787358263,168,-0.026723220005863763,no,26.663925786536563,0,0,0.45,200.0,325.67974567391593,298.5950700568915,0,0,22.182571514851723,222.51538919143863,26.663925786536563,0.0,0.0,0.04322897578382863,632.6171231338074,0.04794177986979794,0.0,20.048428522101936,0,0.5171383720520125,no,1099.1277383031627,nn,0.09581446403211401,-0.12424143572259615,1.0,847.7576359193422,379.97824912839064,0.39471090631756,0.30612447579151647,0,0.05275282855136583,632.6171231338074,1017.3091631032103,3.3488850383473663,178.4487480391287,-1.1324692333374742,0
42,14,1,28.4070829275071,2.222491516755378,6.703845788440218,83,1.420354146375355,20.0,1.0101422870620347,1.0073766526601602,9,174.08148332196785,2826.32944323167,1.4062730979129883,738.6126613767046,0,2826.32944323167,708.0763828570614,0,0,0,0,0,0,362.06536342498475,36,47,312.8538271327586,1.0,1.0116344618829052,1.3729714985746813,1.4099325619429797,314.2736311812759,166,-0.032058471572194734,no,28.4070829275071,0,0,0.45,200.0,298.5950700568915,325.67974567391593,0,0,32.88843719919194,223.40844875321,28.4070829275071,0.0,0.0,0.04322897578382863,711.5279857596803,0.04464292148403073,0.0,20.200260511038206,0,0.5898715643281075,no,1079.4051958773264,nn,0.11174292948332526,-0.14014197557023697,1.0,836.4369368158663,360.0,0.42624647426639783,0.33158277913739964,0,0.04602624197411192,711.5279857596803,1003.7243241790393,-3.3488850383473663,170.73259828361978,1.1324692333374742,0
42,15,0,27.051417150647158,5.432415421003459,3.3049865210018314,84,1.3525708575323578,20.0,1.0012630250020387,1.0022093390426958,9,173.95610427050207,2960.839958841394,1.3510351271662022,595.5319837131171,0,2960.839958841394,711.9122966373861,0,0,0,0,0,0,360.9552636591779,38,46,321.1118842894764,1.0040773725370877,1.0,1.3561371959333997,1.3447863774405993,355.9557901784656,168,-0.033199653414744644,no,27.051417150647158,0,0,0.45,200.0,371.0352234445613,283.55931897066205,0,0,24.92398825064553,223.64824171701426,27.051417150647158,0.0,0.0,0.04229172837685251,683.0078881870165,0.05191518955841908,0.0,20.022734129339433,0,0.4075921587118329,no,1099.1277383031627,nn,0.10549298077453297,-0.14995038918566517,0.9998808114991429,847.7576359193422,379.97824912839064,0.3057902399172885,0.23816784387761314,1,0.04746761918883652,683.0078881870165,1017.3091631032103,-1.685896419654914,172.27020785084682,-3.813325319656542,0
42,15,1,28.983705539002663,3.3049865210018314,5.432415421003459,83,1.449185276950133,20.0,1.0119446755212524,1.007366730545916,9,169.16227760060247,2995.4917208322727,1.4322954200486822,853.3936557596829,0,2995.4917208322727,680.6469385767799,0,0,0,0,0,0,362.6382689830606,36,47,302.0534481278326,1.0,1.0112568081487943,1.3988918033863789,1.4405250182892588,337.6445258129485,166,-0.04029907831163644,no,28.983705539002663,0,0,0.45,200.0,283.55931897066205,371.0352234445613,0,0,31.111134439004285,226.23243843774674,28.983705539002663,0.0,0.0,0.04229172837685251,765.9177512857837,0.041102330247353484,0.0,20.235843201968446,0,0.6873189069275186,no,1079.4051958773262,nn,0.087432209575205,-0.1769661043502132,1.0,836.4369368158663,360.0,0.48517790882951733,0.377099371582615,0,0.06262052434836898,765.9177512857837,1003.7243241790393,1.685896419654914,170.8481740202577,3.813325319656542,0
42,16,0,27.700875689717694,0,1.429162042558861,84,1.3846720996825983,20.0,1.0016930706993818,1.0022316629986316,9,173.97032877345714,3134.8102876148514,1.3845668114632252,840.1072855677608,0,3134.8102876148514,686.4851834348184,0,0,0,0,0,0,360.1688101155214,38,46,309.4971543055837,1.0022942777642811,1.0,1.4011733345065196,1.3679488467712846,372.07102600132583,168,-0.037039565916548556,no,27.700875689717694,0,0,0.45,200.0,349.021736864212,451.2634521140843,0,0,29.130037732276556,224.14697500351906,27.700875689717694,0.0,0.0,0.04020114032995756,737.8655703178888,0.038243502774444986,0.0,20.006889852027516,0,0.4905549685543038,no,1099.100301850201,nn,0.11609079036656654,-0.17106290621399625,0.9983819686451292,847.7576359193422,379.97824912839064,0.3622871404456718,0.2812857242914053,1,0.059911361490772794,737.8655703178888,1017.3091631032103,3.3401042453537535,177.3104330188106,4.769266287912615,0
42,16,1,29.142115838186317,1.429162042558861,0,83,1.4571057919093158,20.0,1.014134060011073,1.0073563362063938,9,166.03383736334476,3161.5255581956176,1.4369594726306296,723.4395078087947,0,3161.5255581956176,650.9980171036909,0,0,0,0,0,0,363.3248173922799,36,47,290.4415277817449,1.0,1.0148874670652863,1.429162042558861,1.4373638952173844,361.9505497965984,166,-0.04554379689971698,no,29.142115838186317,0,0,0.45,200.0,451.2634521140843,349.021736864212,0,0,27.712953795627456,227.78323059374546,29.142115838186317,0.0,0.0,0.04020114032995756,825.6812230586668,0.05042675691509576,0.0,20.280402052561783,0,0.5188979156155195,no,1079.4051958773262,nn,0.1285406747959468,-0.1927657852094959,1.0,836.4369368158663,360.0,0.3596385189359386,0.282552433085939,0,0.051913671852916475,825.6812230586668,1003.7243241790393,-3.3401042453537535,162.6937331179913,-4.769266287912615,0
42,17,0,28.474377814060052,8.384472345420459,0,84,1.4237188907030025,20.0,1.0042417503796837,1.0023254446353207,9,167.6341319983584,3302.44441961321,1.41774074659571,764.8803705539502,0,3302.44441961321,659.5975271063497,0,0,0,0,0,0,360.7840109201739,38,46,297.2761523040918,1.0033849757012527,1.0,1.4438828066272593,1.391378221711887,403.4094148069805,168,-0.04076373125051649,no,28.474377814060052,0,0,0.45,200.0,477.22682790905,451.29920324298365,0,0,20.089905468639593,227.2542670200674,28.474377814060052,0.0,0.0,0.03727603274596718,790.8079952200166,0.04241243746353188,0.0,20.084333389184835,0,0.5871566684092067,no,1098.9933932515255,nn,0.1369519199162867,-0.18315745560931096,1.0,847.7576359193422,379.97824912839064,0.42308860145348476,0.32813433371051215,1,0.05498987312483887,790.8079952200166,1017.3091631032103,7.642396173120556,175.27652817147973,-0.7420761722999032,0
42,17,1,30.472190967931944,0,8.384472345420459,83,1.5236095483965968,20.0,1.0109275956436947,1.0073419789819302,9,170.28376669115175,3331.8093248867694,1.5102326445058256,910.0660375265584,0,3331.8093248867694,619.9327438918427,0,0,0,0,0,0,363.80742362484233,36,47,278.3032159097376,1.0,1.0148671391228334,1.429162042558861,1.5102326445058256,369.8099048779239,166,-0.05011071526376419,no,30.472190967931944,0,0,0.45,200.0,451.29920324298365,477.22682790905,0,0,38.8566633133524,226.6677160595663,30.472190967931944,0.0,0.0,0.03727603274596718,884.1384128604919,0.04059653509400134,0.0,20.177150241579486,0,0.6172556247246284,no,1079.4051958773262,nn,0.11312799764152873,-0.22224630494455536,0.9980456377617138,836.4369368158663,360.0,0.42642592850761635,0.3298498049285561,2,0.05824346152246941,884.1384128604919,1003.7243241790393,-7.642396173120556,162.6413705180305,0.7420761722999032,0
42,18,0,28.768083799465852,0,1.4461783434380833,84,1.4384041899732927,20.0,1.0020189933467403,1.002324742761688,9,170.92699102555858,3473.3714106387683,1.4355307877841281,916.9848496645486,0,3473.3714106387683,631.9742772421354,0,0,0,0,0,0,361.2613955116409,38,46,284.6717484490564,1.0084480277963277,1.0,1.4375604783145937,1.4338627451856676,412.8600411952778,168,-0.04370945283526317,no,28.768083799465852,0,0,0.45,200.0,355.342532818623,426.83021181862034,0,0,30.21426214290394,225.98598580608828,28.768083799465852,0.0,0.0,0.04431114797142862,845.4971706645514,0.04473270292932721,0.0,20.040032609730368,0,0.4742785490245488,no,1098.9933932515255,nn,0.10118398161415149,-0.18606566330189125,1.0,847.7576359193422,379.97824912839064,0.3337553299477425,0.25911484534973195,0,0.04844181763548733,845.4971706645514,1017.3091631032103,2.2382800616900287,173.16527108724904,3.6844584051281117,0
42,18,1,30.993228950001647,1.4461783434380833,0,83,1.5496614475000823,20.0,1.0163834326093524,1.00745432192611,9,165.7400845470613,3497.5494094338305,1.5249029820896167,876.5098161350526,0,3497.5494094338305,587.9742401218608,0,0,0,0,0,0,364.460661834915,36,47,265.87046406397536,0,1.0109275956436947,1.4461783434380833,1.528976760707865,399.8272976226493,166,-0.05435357808083266,no,30.993228950001647,0,0,0.45,200.0,426.83021181862034,355.342532818623,0,0,29.547050606563563,228.80846579658294,30.993228950001647,0.0,0.0,0.04431114797142862,947.9974951350497,0.05350614078261325,0.0,20.324721843963324,0,0.6450661920363211,no,1079.250352614954,nn,0.13140616021205434,-0.23259213193670383,1.0,836.4369368158663,360.0,0.42396993762973334,0.3291746300114835,1,0.080489402861913,947.9974951350497,1003.7243241790393,-2.2382800616900287,163.50180448537083,-3.6844584051281117,0
42,19,0,29.516997761581493,11.836760926055685,0,84,1.4758498880790747,20.0,1.003026273583905,1.0023245965547656,9,162.25925031218145,3635.6306609509497,1.4714301259750757,913.8022119685082,0,3635.6306609509497,597.0255318348513,0,0,0,0,0,0,360.82836629747226,38,46,268.8619591786761,1.0044757241764763,1.0,1.468567208989782,1.4733530696271504,449.30298044488086,168,-0.0585381085795024,no,29.516997761581493,0,0,0.45,200.0,480.3307174113894,479.67148464969506,0,0,17.680236835525804,230.79903200153998,29.516997761581493,0.0,0.0,0.039401342611784254,914.4614447302029,0.0442916822759551,0.0,20.060074372897184,0,0.4308294502207334,no,1098.9933932515257,nn,0.12270538152261296,-0.24814745954543058,1.0,847.7576359193422,379.97824912839064,0.2994225354953788,0.23386335791152135,0,0.03456686867361708,914.4614447302029,1017.3091631032103,12.685889090736364,174.94513940291876,0.8491281646806783,0
42,19,1,32.02889938016254,0,11.836760926055685,83,1.6014449690081267,20.0,1.018199630532071,1.0074284106375793,9,162.69844599093824,3660.2478554247687,1.5758926653288425,1017.7424417768516,0,3660.2478554247687,547.2337250321016,0,0,0,0,0,0,364.9671440068622,36,47,249.9899359557767,1.0,1.0172312291645442,1.4461783434380833,1.5758926653288425,407.7527122973117,166,-0.07444810731898797,no,32.02889938016254,0,0,0.45,200.0,479.67148464969506,480.3307174113894,0,0,43.865660306218224,231.3838911913777,32.02889938016254,0.0,0.0,0.039401342611784254,1017.0832090151567,0.04544922959162373,0.0,20.324289899197577,0,0.752037499629391,no,1079.250352614954,nn,0.16968410153226,-0.36161886250798736,0.9982984815296512,836.4369368158663,360.0,0.48953425721915267,0.37765952939291303,1,0.09177838203014334,1017.0832090151567,1003.7243241790393,-12.685889090736364,150.01255690020102,-0.8491281646806783,0
42,20,0,30.08323075095872,3.5763606425155103,1.481604405090272,84,1.504161537547936,20.0,1.001602179944728,1.0023233840677104,9,164.62748343340598,3800.2581443843555,1.5017740963201458,1203.34351799591,0,3800.2581443843555,562.0746292448682,0,0,0,0,0,0,361.4970049126447,38,46,253.28120620237547,1.007531850248182,1.0,1.5078109045192074,1.4977335625221295,459.4617666322382,168,-0.06218196084911183,no,30.08323075095872,0,0,0.45,200.0,419.6868295389419,644.1503920689881,0,0,27.988474513533475,229.86030350016622,30.08323075095872,0.0,0.0,0.0427102131925313,978.8799554658638,0.03929647977684234,0.0,20.031794944840776,0,0.44902662652961295,no,1098.9933932515255,nn,0.15555868459323363,-0.2800808326861734,1.0,847.7576359193422,379.97824912839064,0.30445603606274263,0.23371343295821068,0,0.06602551424908021,978.8799554658638,1017.3091631032103,13.92396103357269,178.55144446697915,11.829204796147451,0
42,20,1,32.153951085969695,1.481604405090272,3.5763606425155103,83,1.6066984799661896,20.0,1.013174193191154,1.0078324902314397,9,160.73097196836596,3820.9788273931345,1.591435953157025,843.7639674423305,0,3820.9788273931345,506.3867332494797,0,0,0,0,0,0,365.7623824414569,36,47,234.20836141249904,0,1.018199630532071,1.481604405090272,1.5971550464196298,436.7576253085045,165,-0.08066362939745131,no,32.153951085969695,0,0,0.45,200.0,644.1503920689881,419.6868295389419,0,0,34.24870732339493,232.09071001343705,32.153951085969695,0.0,0.0,0.0427102131925313,1087.6822115594114,0.06276066548352016,0.0,20.20436387790788,0,0.7751807620308934,no,1066.8930782146576,nn,0.1290373517272119,-0.39382985549445926,0.9965282210111513,836.4369368158663,360.0,0.488076611647697,0.37293255433184147,2,0.07431299249021503,1068.227529972377,1003.7243241790393,-13.92396103357269,146.8070109347928,-11.829204796147451,0
42,21,0,30.806673303232532,7.5776556071322565,1.4661271067367103,84,1.5403336651616264,20.0,1.0019857443813964,1.002325221480494,9,152.85697115876155,3953.115115543117,1.5384890967601734,964.909656649279,0,3953.115115543117,520.9179704798233,0,0,0,0,0,0,362.58851232523125,38,46,234.63958395349428,1.0039959361933348,1.0,1.5370126065054905,1.5407082577297335,488.278204390253,167,-0.07900794577529127,no,30.806673303232532,0,0,0.45,200.0,651.9301229963772,582.4918861474372,0,0,24.695144802836978,235.78910922089395,30.806673303232532,0.0,0.0,0.03976522215332636,1052.1159805380373,0.049464177942855174,0.0,20.023978959686325,0,0.6801352368235127,no,1087.5577469676107,nn,0.10267264269172795,-0.359728197735744,0.9992260044483611,847.7576359193422,379.97824912839064,0.45183722515246344,0.347207432179908,1,0.05276330564307512,1034.3478934982193,1017.3091631032103,2.7428656725233607,155.59983683128488,-3.3686628278721855,0
42,21,1,32.133406027110034,1.4661271067367103,7.5776556071322565,101,1.6066703013555017,20.0,1.0196534525780223,1.0078581364150385,11,163.4369420849111,3984.4157694780456,1.5761980909965472,1350.9379416954475,0,3984.4157694780456,648.0727617405604,19,1,7,0,2,0,446.42311813311585,43,58,285.626358737359,1.0,1.0138601931688105,1.5450249624343755,1.5795889338962716,425.25723026034365,180,-0.07036097702564256,no,32.133406027110034,0,0,0.45,200.0,582.4918861474372,651.9301229963772,0,0,38.24493452750558,231.87586996662878,32.133406027110034,0.0,0.0,0.03976522215332636,1320.1122885691163,0.044438130821954885,0.0,20.386654577657666,270.9501207092692,0.2865693996113227,no,1287.677462498507,nn,0.07906668330391804,-0.3669262448967589,0.9999302093230605,1018.0664778503093,430.0,0.17866572348702187,0.13956349548756153,1,0.017695279842936253,1281.499704846507,1221.679773420371,-2.7428656725233607,160.69407641238772,3.3686628278721855,0
42,22,0,31.520180637996173,0,1.5846417292160448,84,1.5748824392737633,20.0,1.0059712787267714,1.0024660958967726,9,162.36835639045074,4115.483471933568,1.5697682727811737,1122.400607731873,0,4115.483471933568,478.6821622532515,0,0,0,0,0,0,363.2864239007535,38,46,216.07569296817653,1.0020126818900552,1.0019452573767285,1.5635670559995567,1.5791015132148754,497.5955157505502,167,-0.08821459589668969,no,31.520180637996173,0,0,0.45,200.0,593.4128197432582,591.5908491355372,0,0,33.10482236721222,232.0308786463015,31.520180637996173,0.0,0.0,0.034286745321044254,1124.2225783395938,0.04219428838947396,0.0,20.07951185186815,0,0.6757748840214058,no,1098.808276068736,nn,0.10585909320715829,-0.3742458985460524,0.9973396182360256,847.7576359193422,379.97824912839064,0.43816524892780406,0.3409344858789396,1,0.074591956659539,1124.2225783395938,1017.3091631032103,-1.3311860488237097,161.03717034162634,0.2534556803923351,0
42,22,1,32.689561227379215,1.5846417292160448,0,101,1.6344780613689607,20.0,1.0168877775755232,1.0108525743620655,11,148.651776074917,4133.067545552963,1.6076585703142112,1283.9602752768876,0,4133.067545552963,595.407678317107,0,0,0,0,0,0,446.4811423784208,43,58,264.1027540279,1.0,1.0217912479551001,1.5846417292160448,1.6088490772873938,456.758935889259,193,-0.08842324355629587,no,32.689561227379215,0,0,0.45,200.0,591.5908491355372,593.4128197432582,0,0,31.104919498163166,237.42986669514062,32.689561227379215,0.0,0.0,0.034286745321044254,1410.2300138083503,0.04224844222629588,0.0,20.333646603202666,0,0.3993767864352491,no,1233.1802774705577,nn,0.07339924449563355,-0.4333073052225836,1.0,1018.0664778503093,430.0,0.2506595175844781,0.19686546617596468,0,0.028824758150840554,1282.1383046691667,1221.679773420371,1.3311860488237097,149.9829621237414,-0.2534556803923351,0
42,23,0,32.13897095306724,0,8.367299777964952,102,1.6069485476533618,20.0,1.006636201997781,1.0026470990624605,11,158.6069015340791,4274.090373467647,1.597032000578377,1322.7973187575567,0,4274.090373467647,624.8390177558831,19,1,6,1,2,0,444.56020984220385,43,59,255.4463638744535,1.0053647618720332,1.0068841266131967,1.5889198485839553,1.6069569555399696,484.70138481115976,182,-0.0664194339918473,no,32.13897095306724,0,0,0.45,200.0,609.2711735403063,628.9010492401779,0,0,40.5062707310322,233.87365737249,32.13897095306724,0.0,0.0,0.03498756115915538,1355.8146758844157,0.04230411783227291,0.0,20.12418720565892,270.4378905704908,0.5203231100436685,no,1298.8995907977107,nn,0.09079994879312424,-0.4051319308726798,0.9996089319888137,1029.869599674481,430.0,0.33058981288694445,0.2584964756501623,1,0.05236398525444243,1303.1674430576854,1235.8435196093772,-7.480194171776482,151.12670736230172,0.8871056061884701,0
42,23,1,33.34168165962479,8.367299777964952,0,101,1.66708408298124,20.0,1.0154921778399721,1.0109661151623273,11,154.52328504235408,4287.590830595317,1.6421268909686195,1276.977420722081,0,4287.590830595317,547.1235469263512,0,0,0,0,0,0,447.5109498566158,43,58,243.44797694098003,1.0,1.0177612691584679,1.6206993765838589,1.6494331426370374,481.28448129170954,184,-0.08811277417404878,no,33.34168165962479,0,0,0.45,200.0,628.9010492401779,609.2711735403063,0,0,24.974381881659838,234.94377010208447,33.34168165962479,0.0,0.0,0.03498756115915538,1497.4484318159296,0.045017444008918654,0.0,20.30396179673909,0,0.4773119543715251,no,1189.2484877729476,nn,0.0773368685776248,-0.39146657356289005,1.0,1018.0664778503093,430.0,0.293678323297358,0.23014945298615574,0,0.03815796957801911,1296.607296421953,1221.679773420371,7.480194171776482,162.00347921413143,-0.8871056061884701,0
42,24,0,33.01262068229971,8.635392525047944,1.6392078328526047,101,1.6506310341149857,20.0,1.0085170974207862,1.0063798766363095,11,152.6908326417884,4426.7812061094355,1.6368559044952116,1444.0610846819243,0,4426.7812061094355,573.6099429148995,0,1,0,1,0,0,445.52704913712535,42,59,234.20754371474624,1.0067034410276035,1.0065539372247454,1.6645355617763065,1.6084894135616918,521.00700478246,192,-0.08493432988581552,no,33.01262068229971,0,0,0.45,200.0,575.052294764074,722.0849862166751,0,0,26.01643599010437,236.6281535571862,33.01262068229971,0.0,0.0,0.03525166300491842,1424.374507556589,0.03967636477369919,0.0,20.16831206194686,0,0.2956821908922952,no,1240.5118795584078,nn,0.10245781603074984,-0.39228002578744875,1.0,1019.8695996744807,420.0,0.18397109994632493,0.14305665876496487,0,0.02777368921853471,1297.0283932293244,1223.843519609377,14.898926452965707,167.58975909475384,7.902741760770368,0
42,24,1,33.9310854930198,1.6392078328526047,8.635392525047944,101,1.69655427465099,20.0,1.0169944397357589,1.0110698160308809,11,152.75929792114854,4440.350128516466,1.6685908914369156,1197.4556587000675,0,4440.350128516466,495.4915137249943,0,0,0,0,0,0,448.586214770913,43,58,220.38497806711754,1.0,1.0207746267586026,1.6537968775774052,1.6702046218720792,487.42930670587157,178,-0.10396641617322451,no,33.9310854930198,0,0,0.45,200.0,722.0849862166751,575.052294764074,0,0,40.927270185215136,236.16685331950103,33.9310854930198,0.0,0.0,0.03525166300491842,1586.8162217227482,0.052190909812964016,0.0,20.33517362892942,0,0.2841191788321297,no,1164.2298801459378,nn,0.07471618123955666,-0.4822073196420186,1.0,1018.0664778503093,430.0,0.17112469709071162,0.13437585393128093,1,0.024388657511612365,1344.4883501526688,1221.679773420371,-14.898926452965707,137.86037146818308,-7.902741760770368,0
42,25,0,33.68134324292795,14.28142209173383,0,191,1.6827485629078498,20.0,1.0097553409083262,1.0065988616494377,20,146.67676601958865,4573.457972129024,1.667879402414197,2234.481177627505,0,4573.457972129024,1431.763314423119,91,1,38,0,9,0,811.4152118713695,80,111,592.4371977699909,1.0029926943167742,1.0141785811946513,1.6810458866040818,1.6482612495600173,423.25855287343313,279,-0.034661070233716576,no,33.68134324292795,0,0,0.45,200.0,1009.837704018236,923.7211211349803,0,0,19.399921151194114,238.8943743331482,33.68134324292795,0.0,0.0,0.03591170681364778,2415.193622827971,0.04524704710758031,0.0,20.194111872942006,1274.6573720301112,0.33973969787778885,no,2425.2762052745375,nn,0.06519717537939676,-0.3129051527679087,0.9992170150524953,1927.9415469665917,800.0,0.20619560870395404,0.16140559652420894,0,0.021690417584615197,2320.5977605107614,2313.529856359912,14.37309523543685,161.04986125502532,0.09167314370301938,0
42,25,1,34.34037968790198,0,14.28142209173383,121,1.7170189843950994,20.0,1.0210689690285375,1.0112107818615685,12,151.66933929463198,4592.0194678110975,1.682072110132603,1695.4172390379276,0,4592.0194678110975,655.6769246971536,22,2,8,0,1,0,488.8607891258239,51,70,275.15406650345005,1.0,1.0188481925367625,1.6852602447035459,1.6812952515894255,475.085644408874,193,-0.0825323132758704,no,34.34037968790198,0,0,0.45,200.0,923.7211211349803,1009.837704018236,0,0,48.62180177963582,238.26948658061048,34.34037968790198,0.0,0.0,0.03591170681364778,1879.523217878154,0.04579303101243487,0.0,20.41552171339124,260.65458951004086,0.2520243547082641,no,1407.8322572601805,nn,0.06038278072830276,-0.504272400219849,1.0,1220.3578626498108,510.0,0.1493657250508354,0.11758497896936992,0,0.015576299053208096,1609.3006561546713,1464.4294351797723,-14.37309523543685,137.29624405919526,-0.09167314370301938,0
42,26,0,34.2884125328952,8.824317791404694,3.446549332312024,191,1.7144206266447604,20.0,1.009956715610968,1.0117296311941408,20,126.2443447189785,4699.702316848002,1.6976532403849254,2370.5791999535654,0,4699.702316848002,1343.7760298557198,0,0,0,0,0,0,813.568653360946,80,111,554.0182609956256,1.0070250340599034,1.0138235170682388,1.7161214973326597,1.67524965684826,442.5435444319866,362,-0.06544453624939958,no,34.2884125328952,0,0,0.45,200.0,977.2415776668728,1061.02754020548,0,0,28.910644073802533,246.5013400697777,34.2884125328952,0.0,0.0,0.03363586662625744,2580.355243180087,0.04049616449925512,0.0,20.197536055785253,0,0.3564343094843456,no,2307.435188001156,nn,0.0702820063531071,-0.5394088930406553,1.0,1927.9415469665917,800.0,0.21122746475336246,0.1663707917444207,0,0.025880903150265106,2286.7932374149586,2313.529856359912,10.38304572631788,136.62739044529525,5.00527726722521,0
42,26,1,35.17861821957636,3.446549332312024,8.824317791404694,189,1.7589309109788178,20.0,1.0239834498401514,1.0146362225640713,19,135.7320222333097,4727.751490044408,1.7182351823882802,2097.457596160769,0,4727.751490044408,1318.016349505377,74,6,34,2,7,0,774.49415367201,83,106,580.6359472449932,1.0,1.0262028829903098,1.7421636627613082,1.7124250749492314,407.38938315144,265,-0.04782442986153788,no,35.17861821957636,0,0,0.45,200.0,1061.02754020548,977.2415776668728,0,0,40.55638667866903,246.8011496161216,35.17861821957636,0.0,0.0,0.03363586662625744,2670.4266897304856,0.045163811401951734,0.0,20.473692181462287,1024.0494157045819,0.15758031147424134,no,2153.347227050083,nn,0.08086280385336965,-0.5217852149449561,1.0,1906.2776604308656,830.0,0.09233088152592692,0.07296237255252858,0,0.010739500886296254,2181.2435586993756,2287.5331925170376,-10.38304572631788,125.34897650699293,-5.00527726722521,0
42,27,0,35.686707985144,17.749683095152683,0,236,1.7832922453032434,20.0,1.0138877048361121,1.012010911592566,24,121.18183508618398,4820.884151934186,1.7636258824596263,2772.1880438082007,0,4820.884151934186,1743.8083173751575,49,4,25,0,4,0,977.5983716738136,105,131,768.6298779576713,1.0064754942082268,1.0141797364800542,1.7731563536095065,1.7417524535169264,413.32890871855807,389,-0.04597136117056326,no,35.686707985144,0,0,0.45,200.0,1488.0489513921364,1450.0969035026026,0,0,17.93702488999131,250.17409524940516,35.686707985144,0.0,0.0,0.03427878023741499,3183.9623418799924,0.04329746036488221,0.0,20.23485158619572,652.5280415850191,0.21153654670302707,no,2839.965226254259,nn,0.08058764539824259,-0.45586278866764707,0.9973259960067,2381.5787764681104,1050.0,0.12312641325754965,0.09729800255385035,1,0.018814181520731995,2810.1400916977364,2857.894531761733,15.172416246294219,136.35425133247733,-2.5772668488584642,0
42,27,1,36.2651860847995,0,17.749683095152683,231,1.8132593042399747,20.0,1.0243463844087168,1.0164712714948934,23,124.0610635099849,4851.812553554392,1.7705232997839742,2645.73455706668,0,4851.812553554392,1777.202531928287,56,14,22,5,4,0,938.0244850387255,100,131,757.3991181125539,1.0,1.0298069044915965,1.7602652890721933,1.771633308924648,349.2686852775004,355,-0.03974870111762944,no,36.2651860847995,0,0,0.45,200.0,1450.0969035026026,1488.0489513921364,0,0,54.014869179952186,254.43995647583094,36.2651860847995,0.0,0.0,0.03427878023741499,3186.878341666986,0.04137476795152266,0.0,20.482749980880968,721.6161784013999,0.37689984797030057,no,2645.79451543563,nn,0.06502113717949437,-0.42339122365495535,1.0,2329.492178956803,1000.0,0.21579841285179333,0.16816094392080527,0,0.019150142496840303,2607.7825091771456,2795.390614748163,-15.172416246294219,108.88864726369164,2.5772668488584642,0
42,28,0,36.72863401220858,6.549864055255776,3.629919376630479,273,1.83674961096624,19.99653833757293,1.0115002295702011,1.0135152920096955,28,108.29262942963169,4929.176781363817,1.8160039853020942,3217.4363365491795,0,4929.176781363817,2113.833197885982,49,12,14,4,4,0,1140.9677048398453,115,158,856.3061254098087,1.0096875771574985,1.023527437529661,1.8350628820106176,1.7971081284503956,364.6206583381771,456,-0.04335621291489146,no,36.72863401220858,0,0,0.45,200.0,1600.4209249407843,1556.1031414102604,0,0,33.80868933358328,260.19516115200224,36.72863401220858,0.0,0.0,0.04078149912167718,3698.720231397015,0.049014911440264784,0.0,20.22497434448016,650.7925228506783,0.5435288528221359,no,3278.445484572205,nn,0.07511624644568304,-0.47091430239696463,1.0,2755.4819762347447,1150.0,0.30407858363179113,0.23743136189024272,0,0.04395371724198577,3261.754120079704,3306.5783714816944,-0.7239355052837002,107.56869392434757,-3.6438801839089976,0
42,28,1,37.24485316357117,3.629919376630479,6.549864055255776,260,1.8622426581785583,20.0,1.0259081326596982,1.0165733550038154,26,109.85893932885475,4961.671492883247,1.815555564381834,3144.383405004488,0,4961.671492883247,2104.074569557541,44,15,18,8,3,0,1063.0770448495136,110,150,884.1803039291127,1.0,1.0269808824605653,1.8149596883152395,1.8156199336571894,332.16056831506154,424,-0.037683802927157874,no,37.24485316357117,0,0,0.45,200.0,1556.1031414102604,1600.4209249407843,0,0,40.16479784219647,260.28078359636083,37.24485316357117,0.0,0.0,0.04078149912167718,3583.332049976232,0.046848177365455164,0.0,20.51430090835717,562.5744143825948,0.3268071604923778,no,3075.234763675137,nn,0.08582289004707623,-0.3525754867571079,1.0,2623.6253420682006,1100.0,0.18157296889960334,0.1435138788848287,0,0.024703389262232735,3100.065621473964,3148.3504104818403,0.7239355052837002,110.58287483413895,3.6438801839089976,0
42,29,0,37.42356385938406,8.24604280656869,0,272,1.871178192969203,20.0,1.0157433056185623,1.0147560942825111,28,83.08841970611594,5012.265201069933,1.8424174620547467,3120.4544726321024,0,5012.265201069933,2124.55426916772,17,18,10,8,0,0,1144.325335222223,117,155,886.4536583128848,1.007283988080304,1.0156804031061468,1.8568693168599235,1.8308253961477847,386.2309499857248,480,-0.05491750201180571,no,37.42356385938406,0,0,0.45,200.0,1726.7254575395334,1597.4739836795206,0,0,29.177521052815365,272.7956902463777,37.42356385938406,0.0,0.0,0.04315190699947229,3768.0196879094174,0.05155561106464901,0.0,20.312206451651637,170,0.5498173817269225,no,3215.6891198979215,nn,0.07587596870024421,-0.5109399041679227,1.0,2745.585337718567,1170.0,0.2983595887518813,0.23364374754476702,1,0.03359057873644456,3249.705946492115,3294.702405262281,0.6031979416001523,83.69161764771451,-7.642844864968538,0
42,29,1,37.98915809330792,0,8.24604280656869,245,1.899457904665396,20.0,1.0222873409002524,1.0171068676047954,26,88.13278607830618,5049.804278961553,1.8586420730069328,3250.449114748845,0,5049.804278961553,1961.508011735055,0,15,0,7,0,0,1066.463300493118,103,142,820.6786611698166,1.0,1.02870684839711,1.8736355513799272,1.8570158117894913,355.85896599198503,448,-0.05552449508419736,no,37.98915809330792,0,0,0.45,200.0,1597.4739836795206,1726.7254575395334,0,0,46.23520089987661,268.8998971065688,37.98915809330792,0.0,0.0,0.04315190699947229,3507.2840476741626,0.04764423654637205,0.0,20.439200556699234,0,0.280577732657181,no,2939.4795975286497,nn,0.07541160156686101,-0.4086418591260866,1.0,2472.6375682409557,1030.0,0.15194173099271185,0.11950567114938693,1,0.017233881032060593,3121.1976408888327,2967.165081889146,-0.6031979416001523,87.52958813670766,7.642844864968538,0
42,30,0,38.16426104946465,9.622838644079533,2.269265543402211,262,1.9082130524732324,20.0,1.013821896793639,1.0148712911372235,28,88.96908401930109,5101.234285089234,1.8826200413221865,3138.836805966928,0,5101.234285089234,1973.978871525908,0,10,0,6,0,0,1147.4066382234607,111,151,818.3749669679984,1.0045553922947421,1.0247173114025556,1.8951498383446619,1.8743709307370897,403.59133963221416,479,-0.0649315648585259,no,38.16426104946465,0,0,0.45,200.0,1844.4910175672294,1596.698843666415,0,0,30.810687948787326,266.8309564942722,38.16426104946465,0.0,0.0,0.041676864222442336,3810.028825523481,0.05252239133030591,0.0,20.27188716351996,0,0.3961790316285385,no,3143.2957557369264,nn,0.08491787205294801,-0.5225767127468683,0.9998571655622108,2645.012551335573,1110.0,0.21188122624377784,0.1669097302020468,1,0.02283849566240831,3386.6289798677426,3174.015061602687,-5.178485383617472,83.79059863568283,-12.532058484294794,0
42,30,1,39.25627633096092,2.269265543402211,9.622838644079533,233,1.9628138165480458,20.0,1.0197554751774724,1.017328595757237,26,82.54202596973397,5132.346304931287,1.9271673110862586,3528.9310774573496,0,5132.346304931287,1817.0807526626822,0,12,0,3,0,0,1070.111436453599,100,133,766.3601442400995,1.0,1.0247047277963623,1.915114724383835,1.9292489398522348,379.20680371570376,439,-0.06575125762285652,no,39.25627633096092,0,0,0.45,200.0,1596.698843666415,1844.4910175672294,0,0,46.60984943163823,270.5176933674702,39.25627633096092,0.0,0.0,0.041676864222442336,3485.204889842447,0.045062418816238174,0.0,20.369936800574884,0,0.5780008225698912,no,2889.9289636089657,nn,0.07536014098521916,-0.450187019519324,0.9990704664615513,2351.35700642104,1000.0,0.30568310815731203,0.23928057552087212,1,0.04347448148763378,3281.1389035565358,2821.628407705247,5.178485383617472,87.72051135335218,12.532058484294794,0
42,31,0,38.72139862762023,15.51835415066876,2.9947615888687436,244,1.9360246583503802,20.0,1.01410820421633,1.0150887933812585,28,85.85968187952972,5187.093966968763,1.909263071390186,3457.7902701832945,0,5187.093966968763,1810.1792147363542,0,18,0,10,0,0,1150.7118689996546,101,143,743.7038963421259,1.0063500803200545,1.0187410379618154,1.9092370736579296,1.9093014888965871,436.9556628142166,457,-0.06941122279506728,no,38.72139862762023,0,0,0.45,200.0,1580.6844164804027,1635.4553049099438,0,0,26.19780606582021,272.55252809925764,38.72139862762023,0.0,0.0,0.04457929168006019,3682.400983486226,0.05047187422981828,0.0,20.28080844795586,0,0.406164555283724,no,2991.5689525605017,nn,0.0706805156760608,-0.5028106042997781,0.9999766160147946,2463.5678811612747,1010.0,0.21253737401260941,0.16739908756457078,0,0.023982222126958847,3403.0193817537515,2956.2814573935293,15.933067476139641,101.79274935566652,3.4094749143396257,0
42,31,1,39.59348717906272,2.9947615888687436,15.51835415066876,225,1.9796743589531356,20.0,1.0212953212471685,1.0174995760078855,26,78.48188381965109,5210.828188750937,1.9425222208195099,3315.8624176186195,0,5210.828188750937,1673.292672109583,0,8,0,6,0,0,1074.0096543151687,94,131,703.864773399504,1.0,1.023167486758911,1.9653052750959492,1.9385901566098256,396.0872458282583,431,-0.07612759747431402,no,39.59348717906272,0,0,0.45,200.0,1635.4553049099438,1580.6844164804027,0,0,52.11707974086273,270.51423562102093,39.59348717906272,0.0,0.0,0.04457929168006019,3557.0508368481874,0.05212935519164709,0.0,20.38251442104948,0,0.5949442690523904,no,2797.3325760520597,nn,0.05510071176265437,-0.4952344949423622,0.9982249689152826,2271.0815705148934,940.0,0.30340492629898397,0.23861473651783938,1,0.030355113685694757,3370.633306048163,2725.2978846178707,-15.933067476139641,62.548816343514346,-3.4094749143396257,0
42,32,0,39.68707314426962,8.498041424943542,0,237,1.9843536572134812,20.0,1.0171618113447154,1.0153399784393864,28,75.10356202414265,5262.197528992906,1.9528750663018732,3625.8574197667112,0,5262.197528992906,1652.208748776629,0,7,0,2,0,0,1154.6235061458658,99,138,678.9876071580399,1.007972735844251,1.023174740987237,1.9640675389254916,1.941840987897683,456.4537780344468,454,-0.0873350270284691,no,39.68707314426962,0,0,0.45,200.0,1865.7015327166484,1872.9954787121674,0,0,31.189031719326085,272.390159955249,39.68707314426962,0.0,0.0,0.03958737485063104,3781.870671963105,0.04716908127772073,0.0,20.322382024890288,0,0.5364801536567332,no,2972.536737835331,nn,0.060330373274041164,-0.5946280383845061,0.999087879227342,2392.9346032335575,990.0,0.27674284496975804,0.21690235289054238,1,0.03309472194685726,3618.5634737711957,2871.5215238802693,7.573797975504975,82.67735999964601,-0.924243449438567,0
42,32,1,41.08836371140138,0,8.498041424943542,223,2.0488281944374753,20.0,1.0253273021704192,1.0177860302527144,26,81.74015601241732,5292.568344763355,2.0046209310186587,3585.9695785631725,0,5292.568344763355,1520.2240463845148,0,2,0,1,0,0,1077.3822107606534,93,130,642.5125803095996,1.0,1.0249706217355803,1.9653052750959492,2.0046209310186587,419.10650508697205,430,-0.09820707323753339,no,41.08836371140138,0,0,0.45,200.0,1872.9954787121674,1865.7015327166484,0,0,49.58640513634492,269.01297902788787,41.08836371140138,0.0,0.0,0.03958737485063104,3765.490742061007,0.04752161236825692,0.0,20.496824649297714,0,0.6046090305270947,no,2782.6101488656363,nn,0.08590941342839895,-0.6381209754605189,0.9972790393056989,2250.7464542829052,930.0,0.30581032795100954,0.241107836964353,0,0.0459733535015248,3593.2635245586916,2700.895745139485,-7.573797975504975,74.16635803691393,0.924243449438567,0
42,33,0,40.427376311174996,11.200346406909544,1.9764463136665236,232,2.0213688155587493,20.0,1.0147355080289941,1.015563891778091,28,79.05305891175414,5341.25058790466,1.9932034151397826,4030.3143574159317,0,5341.25058790466,1498.7640907481175,0,5,0,2,0,0,1158.3019878845955,97,135,614.2522719879961,1.0089023563216495,1.0253043797802261,1.996027016802397,1.9904133523885625,476.7992309492627,451,-0.09592010118532707,no,40.427376311174996,0,0,0.45,200.0,1695.8043632651083,1894.8470961681678,0,0,31.203476217931975,268.2121428328375,40.427376311174996,0.0,0.0,0.04213198001007995,3934.009866458891,0.04825117716960416,0.0,20.28261441060186,0,0.4262549232245937,no,2941.5515142034296,nn,0.06066108527309014,-0.6386430274516627,0.9994581808169666,2342.7169970791097,970.0,0.21492537659757419,0.1692359674130519,2,0.028275721928495683,3831.2716245128727,2811.2603964949326,21.096143295707716,100.14920220746359,11.872243202464695,0
42,33,1,40.91219690724462,1.9764463136665236,11.200346406909544,222,2.0456098453622307,20.0,1.025138059444064,1.0177767898130037,26,78.38250603070617,5370.950850794061,1.999638000249622,3527.8253054000866,0,5370.950850794061,1368.466218831313,0,1,0,1,0,0,1081.160185439631,92,130,580.4163405253876,0,1.0253273021704192,1.9824542375168956,2.001499749691474,439.8760237052284,424,-0.10920034503863922,no,40.91219690724462,0,0,0.45,200.0,1894.8470961681678,1695.8043632651083,0,0,50.13609700048764,268.3202602426043,40.91219690724462,0.0,0.0,0.04213198001007995,3994.8948915325605,0.054301593060988515,0.0,20.45980167517191,0,0.6142701888642096,no,2724.642957259205,nn,0.08771345343844361,-0.7422351956858116,0.9982983123715404,2240.7464542829052,920.0,0.30107495891193925,0.23510458271706602,1,0.06300369160654617,3726.8680383031465,2688.895745139485,-21.096143295707716,57.28636273499673,-11.872243202464695,0
42,34,0,41.319888900400414,21.97253628588639,8.15907522365739,230,2.064927404044396,20.0,1.0117407823926319,1.015741574405234,28,56.8502124258886,5398.100800330549,2.0459590438183004,3975.5971112704055,0,5398.100800330549,1324.7224249408391,0,2,0,1,0,0,1162.9731933711585,96,134,539.8823444618364,1.0091863420106568,1.0202187607176076,2.0529986437126744,2.035432856378689,514.2067997609096,449,-0.12809048124988667,no,41.319888900400414,0,0,0.45,200.0,2147.418747778664,2083.988966158285,0,0,27.50642783817142,279.3339803554993,41.319888900400414,0.0,0.0,0.03683859100642809,4171.616050499377,0.048150413098823786,0.0,20.195853394644,0,0.36877124876661743,no,2904.185444533807,nn,0.05518391619319683,-0.9026080196284982,0.9976036784288701,2322.529377710021,960.0,0.18214707553092543,0.14396137657482744,1,0.018701450736142926,4039.0268928907844,2787.0352532520255,11.311838100367645,68.16205052625752,-2.501622961861358,0
42,34,1,42.01917637397097,8.15907522365739,21.97253628588639,217,2.1009588186985484,20.0,1.0169867935874133,1.0179354782782999,26,71.01624143480873,5441.96709222887,2.0667442570055274,3941.4851288216328,0,5441.96709222887,1191.974409229837,0,5,0,2,0,0,1084.1629626332854,90,127,508.46022106600964,1.0,1.0278616054372882,2.045520077374347,2.077721945217715,461.30963331580034,410,-0.13738613139213546,no,42.01917637397097,0,0,0.45,200.0,2083.988966158285,2147.418747778664,0,0,55.83263743619997,274.2221866004625,42.01917637397097,0.0,0.0,0.03683859100642809,4150.97628673553,0.047114407468060206,0.0,20.33109623096371,0,0.1842497751921355,no,2658.5851940176326,nn,0.07453700341051117,-0.8496144413285311,1.0,2190.438408742456,900.0,0.09051808014758961,0.07154706378123221,0,0.01566630673500434,3878.055347201251,2628.5260904909464,-11.311838100367645,59.70440333443979,2.501622961861358,0
42,35,0,41.3616361729798,8.681366676909972,2.041393426162746,224,2.06808180864899,20.0,1.0153554377637435,1.0160326093671854,28,62.15740635044182,5460.258206680991,2.0370698850531572,4430.626311631122,0,5460.258206680991,1144.657903750918,0,6,0,3,0,0,1167.106616734974,93,131,463.04271986361675,1.0117476337881675,1.0117305376237935,2.017617746955914,2.052821039173932,530.0458554097879,429,-0.14308777367749392,no,41.3616361729798,0,0,0.45,200.0,1642.3937825291512,2081.0255665619625,0,0,34.72166292223258,276.9690197790625,41.3616361729798,0.0,0.0,0.04097626522824873,4296.421848006729,0.047955266926803165,0.0,20.304475794604596,0,0.3679328206475718,no,2743.881018934181,nn,0.05506671202309941,-0.954317781923343,1.0,2261.9792288066506,930.0,0.17699620201407648,0.13993895379301735,0,0.02172221473731175,3991.9945275983123,2714.375074567982,31.781230860037052,93.93863721047441,25.141257609289827,0
42,35,1,41.87433047378426,2.041393426162746,8.681366676909972,222,2.094637230975925,19.99120890937012,1.0247723647089033,1.0180475862020406,26,63.7429329400141,5505.7100251688835,2.0468629871675406,3639.8246963175516,0,5505.7100251688835,1126.8639309926266,11,6,6,3,0,0,1088.5281274971535,93,129,497.3906545484137,1.0,1.0257727974268014,2.0356777549029568,2.049581510097254,483.9286948251097,407,-0.14237826431523098,no,41.87433047378426,0,0,0.45,200.0,2081.0255665619625,1642.3937825291512,0,0,48.514303724531494,279.1797120240345,41.87433047378426,0.0,0.0,0.04097626522824873,4445.303451152053,0.06050090268091646,0.0,20.457808234507272,110,0.4997620502250989,no,2689.717676405478,nn,0.05603571556260517,-0.9064886164209011,0.9989024835780358,2241.1889449077985,930.0,0.23752452406720687,0.1856416909415206,1,0.028772721931095292,4078.45648035036,2689.4267338893574,-31.781230860037052,31.961702079981716,-25.141257609289827,0
42,36,0,43.217988457785864,0,12.986509212291509,229,2.1601651813223297,20.0,1.0169088925331782,1.0161814988512035,28,25.334280852291613,5485.592487533283,2.1251850141512176,3926.686123528926,0,5485.592487533283,1094.730356586217,16,11,7,7,0,0,1172.5195331788614,93,136,438.90227086485,1.0094679856928257,1.0201227370952677,2.1173578496058365,2.132549165029657,535.8448927177318,403,-0.16360043015624534,no,43.217988457785864,0,0,0.45,200.0,1837.068887280748,1872.76046856009,0,0,56.20449767007737,298.1436157458465,43.217988457785864,0.0,0.0,0.029488142688569936,4568.886649460008,0.043165842100712205,0.0,20.33610634839094,160,0.3180757576575721,no,2633.4977447056845,nn,0.05965345026794927,-1.1436459895299564,0.9996602148349961,2312.92667056279,930.0,0.15365735681016146,0.12084903289067117,0,0.016046349993644703,3890.9945422495857,2775.512004675348,-10.559281444681492,14.774999407611247,2.4272277676100167,0
42,36,1,43.562466203145156,12.986509212291509,0,222,2.1759337361681776,19.9930365780906,1.0225267670695135,1.0174083523745903,26,52.719665459958236,5558.429690628842,2.1319478550351163,3609.390931570386,0,5558.429690628842,1061.8482768018966,16,16,6,3,0,0,1092.9603657209705,96,126,468.6435466774464,1.0,1.030793182148485,2.164418202048585,2.118449642363244,519.8324657732443,377,-0.16998093247632634,no,43.562466203145156,0,0,0.45,200.0,1872.76046856009,1837.068887280748,0,0,30.575956990853648,291.28958245126375,43.562466203145156,0.0,0.0,0.029488142688569936,4590.650605922212,0.04420221072191531,0.0,20.433176215010015,160,0.12399790519192266,no,2410.202105172736,nn,0.06726898486400465,-1.085734170454177,0.9986469217753061,2240.994432861087,960.0,0.05954294030069597,0.04707156936531087,0,0.0073951195335945075,3645.082512849726,2689.1933194333037,10.559281444681492,63.27894690463851,-2.4272277676100167,0
42,37,0,44.165711652027966,17.507185270691252,0,262,2.1873432376051065,20.0,1.0172552817828746,1.0167974667360553,28,61.78825021005116,5547.380737743334,2.171100228448176,4565.752082279651,0,5547.380737743334,1432.3526692796347,52,19,23,10,0,0,1176.479303848748,106,156,590.8253464559533,1.0132095186403254,1.0203894310276451,2.1668503671208876,2.173900277529482,526.7247032389159,409,-0.09356987674227951,no,44.165711652027966,0,0,0.45,200.0,2032.6979638770865,2358.600950688499,0,0,26.658526381336713,286.0768684401425,44.165711652027966,0.0,0.0,0.040055362967840444,5151.867467202272,0.049855056553274484,0.0,20.34254847994559,520,0.0,no,2939.8609839488263,nn,0.05000502840446013,-0.733211795656173,0.9905164689018069,2645.715974858001,1060.0,0.0,0.0,0,0.0,4239.849095468238,3174.859169829601,39.9025932729253,101.69084348297798,22.395408002234046,0
42,37,1,44.81009417241139,0,17.507185270691252,255,2.2405047086205694,20.0,1.027169662329064,1.0193300373360992,26,71.24013785766556,5629.669828486507,2.182469558934237,3958.9733604541634,0,5629.669828486507,1379.3625768401473,49,16,27,7,0,0,1096.6013903446114,116,139,662.1620052604521,1.0,1.0318913449284404,2.160444118185786,2.1938632938653027,457.3073868516907,386,-0.09280165092592978,no,44.81009417241139,0,0,0.45,200.0,2358.600950688499,2032.6979638770865,0,0,62.31727944310264,282.5616724342132,44.81009417241139,0.0,0.0,0.040055362967840444,5211.176856782469,0.05961066785311368,0.0,20.531830095395904,490,0.15904731439739583,no,2848.2668658525095,nn,0.07553564002689245,-0.675516439898177,1.0,2573.4787707570144,1160.0,0.07318716760552278,0.05767562479515431,0,0.007879963958399535,4284.876347265574,3088.1745249084183,-39.9025932729253,31.337544584738662,-22.395408002234046,0
42,38,0,45.496109609840815,6.559722282259562,2.1986003601180992,276,2.2628409423413873,20.0,1.0127801247503052,1.0184224967236297,28,-5.025358520328837,5542.355379223005,2.246317066214197,4136.6149440476065,0,5542.355379223005,1722.8245108526585,56,42,26,14,0,0,1182.1411186058842,118,158,745.3013885113312,1.0091468386531972,1.0225975828575697,2.1934422746766367,2.274700194570086,519.0632530981635,423,-0.08655001698375178,no,45.496109609840815,0,0,0.45,200.0,2349.0034855475274,2052.7597284667067,0,0,41.13498768769935,327.0470650620644,45.496109609840815,0.0,0.0,0.040604833860771405,5351.100491225989,0.056438861677008414,0.0,20.25364553122375,560,0.1350061635643911,no,3115.3394439039607,nn,0.0706783736772305,-0.6634168874560207,0.9947404126404402,2786.859758671644,1180.0,0.061058444886436164,0.04825356781910317,0,0.006830295674400494,4432.858701128427,3344.2317104059725,-11.475697169900416,-16.501055690230054,-15.836819092041878,0
42,38,1,46.26967727805794,2.1986003601180992,6.559722282259562,271,2.3134838639028965,20.0,1.0260129908980866,1.017542673630452,27,25.000628321885074,5654.670456808392,2.2557729121864294,4297.3510652833065,0,5654.670456808392,1698.7724019750165,59,43,22,17,1,0,1144.1579504290712,121,150,763.1171671624982,1.0,1.04122449711214,2.2490172048629398,2.2569302614292837,456.7719183122597,388,-0.08809439330387743,no,46.26967727805794,0,0,0.45,200.0,2052.7597284667067,2349.0034855475274,0,0,50.630799200199405,314.8037236768034,46.26967727805794,0.0,0.0,0.040604833860771405,5406.003817855629,0.04895160571120951,0.0,20.511673417166186,632.6423419977648,0.41191661505811594,no,2816.6190776811327,nn,0.09665535434648216,-0.6979215545690669,1.0,2736.0423536181547,1210.0,0.18548486719406368,0.14419376523621685,0,0.03771861610196654,4001.1073082024864,3283.250824341786,11.475697169900416,36.47632549178636,15.836819092041878,0
42,39,0,47.304410147813456,2.3479148490637924,8.84520275111322,306,2.3647045036303926,20.0,1.018108282753589,1.0190908148265785,31,25.804774506171526,5568.160153729176,2.3233871763884664,5115.486913673003,0,5568.160153729176,2114.060402532989,65,35,24,16,3,0,1314.2490283134387,126,180,875.1504883731496,1.0107943445048564,1.0138460893423955,2.344080064821596,2.3223164956815983,443.4750863481222,462,-0.07806967922254437,no,47.304410147813456,0,0,0.44753598340166867,200.0,2119.2944169014813,2549.939763744816,0,0,53.801698049862885,311.7236324742788,47.304410147813456,0.0,0.0,0.04563025001249733,5894.118304564231,0.051082132435308694,0.0,20.36010641211538,777.2157479630717,0.48535581290751095,no,3347.619343327654,nn,0.08395016727854894,-0.6663117525201372,0.9997818369328917,3090.7635222020767,1260.0,0.21201973699990834,0.1652968573150494,0,0.02420372946982911,4684.8415668296675,3708.916226642493,19.7680036209543,45.57277812712957,26.26529152300373,0
42,39,1,47.36005268457489,8.84520275111322,2.3479148490637924,286,2.3656848000720965,20.0,1.0262398273062714,1.0193171514562371,29,15.053778077737064,5669.724234886129,2.3085694221521553,4140.097190406411,0,5669.724234886129,2002.1721308077456,55,40,22,17,2,0,1235.652901401609,126,160,877.2673495138256,1.0,1.0304693881158284,2.2798813877125,2.315517825860255,433.46946499654183,418,-0.06804890081807492,no,47.36005268457489,0,0,0.45,200.0,2549.939763744816,2119.2944169014813,0,0,40.86276478252546,319.39650114282176,47.36005268457489,0.0,0.0,0.04563025001249733,5670.639185326682,0.06237454896035438,0.0,20.514892136283972,636.2127990046877,0.2860053872362537,no,3161.6497672127925,nn,0.05508567427189987,-0.4825686836789464,0.999021185988924,2888.1336025649193,1260.0,0.1243854278909895,0.09707283677808409,0,0.014793941498904086,4570.742537249742,3465.7603230779046,-19.7680036209543,-4.714225543220934,-26.26529152300373,0
42,40,0,47.93524831138371,0,0,307,2.395337496085671,20.0,1.020932190409777,1.0201147801624193,31,-12.525991597451934,5555.634162131724,2.347967617099012,4978.138017104349,0,5555.634162131724,2138.0754577204375,29,28,15,12,0,0,1320.8006294094473,129,178,921.2569686038612,1.0016359442238114,1.0189605859551365,2.344080064821596,2.347967617099011,454.4441173867195,490,-0.089316816546315,no,47.93524831138371,0,0,0.45,200.0,2487.6908231630714,2517.2282535102718,0,0,47.9352483113837,320.9573967605861,47.93524831138371,0.0,0.0,0.04754712130168162,6051.166283403392,0.05732389872064769,0.0,20.415634339373565,290,0.3530389344757848,no,3415.7944227184644,nn,0.06117370281692041,-0.6875459191914027,0.9994054815469993,3100.333828413351,1290.0,0.14895393328061385,0.11775337260988095,0,0.017690371867512943,4948.600586757148,3720.4005940960215,-1.3519236912989108,-13.87791528875425,-1.3519236912989108,0
42,40,1,49.41479294230605,0,0,287,2.4707396471153023,20.0,1.0332799021182641,1.0192667409422915,29,16.197890767010477,5685.92212565314,2.3921387587311806,5019.8279266724085,0,5685.92212565314,2168.9402895552485,45,44,9,20,0,0,1240.8673467277583,115,172,844.9976458803696,1.0,1.0325952614416531,2.2798813877125,2.392138758731181,405.85839427688916,460,-0.07687810814684337,no,49.41479294230605,0,0,0.45,200.0,2517.2282535102718,2487.6908231630714,0,0,49.41479294230606,317.2715942584867,49.41479294230605,0.0,0.0,0.04754712130168162,5768.512641457235,0.05715394282357957,0.0,20.657159941890768,450,0.14645484993414343,no,3359.539670384731,nn,0.07091244671375632,-0.4998182754854759,1.0,2899.7750369510004,1150.0,0.062240484679860056,0.04917739705180857,0,0.007458519071284888,5049.36535701961,3479.7300443412037,1.3519236912989108,17.549814458313023,1.3519236912989108,0
42,41,0,49.37727128525937,9.437375748416438,7.198820852002836,306,2.463262379888124,20.0,1.018218319221723,1.020554042043512,31,-8.372032385621196,5547.262129746103,2.4250774316143286,5579.982483337993,0,5547.262129746103,2169.270154555688,32,33,12,13,0,0,1327.304493498134,128,178,927.6985788294754,0,1.020932190409777,2.3628136144948044,2.4517556808368655,451.1794506069487,502,-0.09516177791759477,no,49.37727128525937,0,0,0.4468961298293542,200.0,2488.513745896157,2780.089751458483,0,0,47.138716388845765,321.6647150414428,49.37727128525937,0.0,0.0,0.046893535402815455,6178.573434276701,0.053477655917168125,0.0,20.36111121300974,320,0.1465249893455528,no,3505.0295856211205,nn,0.05514272696513169,-0.6618018903812114,0.9977312701860397,3089.7866585126258,1280.0,0.061148187482016024,0.04832505778598284,0,0.007440035069685774,5288.406477775665,3707.7439902151527,15.676035336893301,7.304002951271027,13.4374804404797,0
42,41,1,50.28403357321906,7.198820852002836,9.437375748416438,283,2.514058441409892,20.0,1.0265358979989883,1.0200822852659348,29,-5.955181657901051,5679.966943995239,2.452452769856683,5063.520822399147,0,5679.966943995239,2092.4210647080636,20,24,6,12,0,0,1247.553982943431,109,174,795.4122144752139,0,1.0332799021182641,2.399606950667612,2.4615102061605367,408.567750103442,496,-0.10306665713336717,no,50.28403357321906,0,0,0.45,200.0,2780.089751458483,2488.513745896157,0,0,52.52258846963266,316.19545117211044,50.28403357321906,0.0,0.0,0.046893535402815455,5934.477697897918,0.05894862545163266,0.0,20.50356858703443,200,0.8314065289323265,no,3378.0652055085957,nn,0.050049709880330154,-0.6383281979874285,0.9989314781489946,2860.753474797211,1090.0,0.3407154733364923,0.2674104827300292,2,0.04259297366574497,5355.096827961477,3432.904169756656,-15.676035336893301,-21.63121699479284,-13.4374804404797,0
42,42,0,51.98787943455785,3.3119982886764183,7.206250717518632,315,2.5977363895140497,20.0,1.0179050549114794,1.0211211371038813,32,-24.242398159862347,5523.019731586241,2.5541373389592086,6049.2292012137,0,5523.019731586241,2182.230909706785,30,21,11,6,1,0,1375.8773411729137,133,182,928.6439840796546,1.018044390831109,1.0182928425189817,2.4011706018433387,2.571131564108852,435.8184613173877,539,-0.10794104976772968,no,51.98787943455785,0,0,0.43709331513277766,200.0,2935.173066944153,3051.8945424148606,0,0,55.88213186340006,321.7616046973616,51.98787943455785,0.0,0.0,0.04862573120545195,6622.362526989343,0.057652056428684775,0.0,20.35437900756837,341.5737437059339,0.6061550482564174,no,3724.569197559447,nn,0.07559774358770038,-0.7619712245243417,0.9993623197438053,3180.5214513529363,1330.0,0.24478277299712348,0.19288139635776425,0,0.03781265135488164,5932.50772574299,3816.6257416235244,4.784339053405402,-19.458059106452385,8.678591482247615,0
42,42,1,51.42288360232222,7.206250717518632,3.3119982886764183,279,2.5711441801161117,20.0,1.0354287570829206,1.0202656358312603,29,2.4134526497009006,5682.3803966449395,2.4880384914186995,5623.422671309785,0,5682.3803966449395,1856.7037086359278,4,8,2,0,0,0,1254.1694797646649,111,168,723.3810154794263,1.0,1.031083981642682,2.440794942919308,2.4993760076059064,429.502323208058,514,-0.13686174008218868,no,51.42288360232222,0,0,0.43677447524438606,200.0,3051.8945424148606,2935.173066944153,0,0,47.52863117348001,309.0547062145721,51.42288360232222,0.0,0.0,0.04862573120545195,6237.866270105621,0.06062090809318853,0.0,20.668041824787238,40,0.3825329360359882,no,3374.2858656505023,nn,0.061141977288398944,-0.8334364201680807,0.9985466096330003,2819.787428846663,1110.0,0.15288149546744992,0.12082088485507203,1,0.02360906868742975,5740.144146780494,3383.7449146159997,-4.784339053405402,-2.370886403709144,-8.678591482247615,0
42,43,0,51.53669680686484,2.449260234825721,4.347537686605635,301,2.5768348403432415,20.0,1.017739765399637,1.0215129412373765,32,-44.73970642008504,5478.280025166156,2.532239052201956,6303.516440556825,0,5478.280025166156,1853.4666631988832,0,14,0,3,0,0,1384.2528013148976,130,171,803.0724842334607,1.01760752168063,1.017938110115571,2.401665264899413,2.5544258903376527,477.3829294993488,545,-0.15549809727716687,no,51.53669680686484,0,0,0.4294382558811354,200.0,2799.430973221371,3222.709949462293,0,0,53.43497425864476,335.68311946826117,51.53669680686484,0.0,0.0,0.05194641270203022,6710.889482440921,0.059891573979396255,0.0,20.3522241559501,0,0.39175463729171,no,3510.4643078067006,nn,0.06097077256564838,-1.13817655364388,1.0,3038.6858513017214,1300.0,0.1501502387133365,0.11811403807596155,0,0.02454180257367551,5880.237464315903,3646.423021562068,26.89809363405581,-17.841612786036876,28.796371085835727,0
42,43,1,52.71747372543774,4.347537686605635,2.449260234825721,266,2.631876689051433,20.0,1.032710078893883,1.0203306776669598,29,-30.25215686752503,5652.128239777415,2.553453530456049,5135.461507071781,0,5652.128239777415,1530.6433552495578,0,13,0,6,0,0,1261.9863648392907,105,161,602.632153309318,1.0,1.0439309572706437,2.5472984411969914,2.5541137508860876,472.9130596782504,489,-0.18814893139076658,no,52.71747372543774,0,0,0.44451311971138463,200.0,3222.709949462293,2799.430973221371,0,0,50.81919627365783,331.8865885104175,52.71747372543774,0.0,0.0,0.05194641270203022,6340.866953827767,0.07026252560196196,0.0,20.64555829845956,0,0.318867703457947,no,3102.4997446750003,nn,0.074211654039674,-1.123631268219649,0.9984836157964355,2688.6618581230714,1050.0,0.12560660998628398,0.09859064853873012,1,0.016347654128132043,5558.740483312703,3226.3942297476897,-26.89809363405581,-57.15025050157326,-28.796371085835727,0
42,44,0,52.683714940975314,5.127742022962226,0,274,2.633476888617286,20.0,1.0209528767870364,1.0218046922064283,32,-90.03069777702353,5388.249327389132,2.5807123029571764,5281.575098048761,53.88249327389132,5334.366834115241,1474.809894486789,0,27,0,10,0,0,1393.437088627682,120,154,645.5061984779225,1.0160756489595522,1.0180225287540423,2.5252847365563076,2.586834470254478,533.9761400008133,480,-0.19463256774827392,no,52.683714940975314,0,0,0.42873754882373283,200.0,2719.1980169289063,2637.572766384695,0,0,47.5559729180131,360.6713357347848,52.683714940975314,0.0,0.0,0.044600761902184496,6407.031110147566,0.059919093500665856,0.0,20.41440840988215,0,0.15539789161523154,no,3078.6053266667896,nn,0.06519304404259782,-1.1200964538639766,0.9997309003618009,2765.9452512007024,1200.0,0.06005822979282412,0.047471190583644796,0,0.007801382184976042,5363.200348592972,3319.1343014408444,0.4595425561570634,-89.5711552208609,-4.668199466805163,0
42,44,1,53.27197621703852,0,5.127742022962226,248,2.6623280247089243,20.0,1.0337046065330628,1.0203011402833029,29,-34.99489792029277,5617.133341857122,2.577216227927137,5061.170748410017,0,5617.133341857122,1179.0134816623859,0,18,0,7,0,0,1269.688050402584,98,150,468.86830635168786,1.0,1.0362186977692518,2.5472984411969914,2.577216227927137,494.9934531600991,425,-0.2478486961635954,no,53.27197621703853,0,0,0.4423788741665475,200.0,2637.572766384695,2719.1980169289063,0,0,58.39971824000075,333.61345098210177,53.27197621703853,0.0,0.0,0.044600761902184496,6276.426879092239,0.05970507313427967,0.0,20.67035572715035,0,0.46889922921469274,no,2670.497514106484,nn,0.07095839105195428,-1.2129749107561607,0.9995229063258986,2506.8344580515995,980.0,0.1799795609951662,0.14066331232409335,1,0.035652923692426536,4979.545497865807,3008.201349661921,-0.4595425561570634,-35.45444047645566,4.668199466805163,0
42,45,0,54.06498066703309,0,15.602587853641207,280,2.703249033351654,20.0,1.0269932115038807,1.022250037331942,32,-28.3472238538736,5359.902103535259,2.6326161941238513,4944.003056744155,0,5359.902103535259,1571.367203966199,44,38,17,16,0,0,1401.31965763895,121,159,668.9316598840201,1.0152823019076838,1.02157921148541,2.520658631099899,2.673687279416568,495.6111308499801,434,-0.13944928124280198,no,54.06498066703309,0,0,0.41840061194885075,200.0,2498.712374894799,2193.637974259412,0,0,69.66756852067428,356.7102803682857,54.06498066703309,0.0,0.0,0.040870319115153826,6539.550500135742,0.05846634376598486,0.0,20.536598075978258,440,0.24182223558923432,no,3062.6991719874923,nn,0.056994282686958435,-0.8795748207447377,1.0,2826.7824368599563,1210.0,0.09166414765774497,0.07244122390531238,0,0.012135863183117948,5249.077457379543,3392.13892423195,-27.207944649169875,-55.55516850303898,-11.605356795528667,0
42,45,1,53.389664364033806,15.602587853641207,0,253,2.6706362455530033,19.991365148636525,1.0206008263366264,1.0201273162062066,29,-40.12559025566969,5577.007751601453,2.6179429728279486,4851.541687969582,0,5577.007751601453,1267.923921022462,43,38,17,13,0,0,1276.583037141903,102,151,513.8158988602345,0,1.0337046065330628,2.5917949785980774,2.628894235455969,516.6076238634097,356,-0.16680533619526014,no,53.389664364033806,0,0,0.438218057705439,200.0,2193.637974259412,2498.712374894799,0,0,37.7870765103926,351.92473509264875,53.389664364033806,0.0,0.0,0.040870319115153826,6422.2135356743265,0.054008557920029454,0.0,20.393746127464855,430,0.2413711232360941,no,2500.372590577497,nn,0.06179584049474217,-0.956160375688897,1.0,2557.734650669128,1020.0,0.09180790501068455,0.07197119780261563,0,0.012448123041142609,4546.467287334194,3069.281580802954,27.207944649169875,-12.917645606504525,11.605356795528667,0
42,46,0,54.35285136783682,3.9069437643019294,5.283696444947566,293,2.7176425683918404,20.0,1.0169162769181108,1.0222007993851667,32,-10.541425732270113,5349.360677802989,2.6728367261376214,4797.0699892694975,0,5349.360677802989,1776.7406576691264,53,40,19,19,0,0,1408.1127565213335,121,172,711.2365575397661,1.0291936653420555,1.0261859857584343,2.522719331871783,2.722848004911221,479.3467118717392,442,-0.11121223215208431,no,54.35285136783682,0,0,0.41213355101555277,200.0,2820.126288204744,2045.773347222857,0,0,55.72960404848244,350.14733077362575,54.35285136783682,0.0,0.0,0.0393792243564528,6885.694810476024,0.06178461568028875,0.0,20.335268082902815,530,0.3496367544826077,no,3219.188167679429,nn,0.07157010723687574,-0.7757950250359965,1.0,2957.890175138437,1210.0,0.1299251765128018,0.10259313033659223,0,0.03289644011505678,5571.422930251386,3549.4682101661265,-39.87217465839935,-50.413600390662936,-38.495421977753715,0
42,46,1,54.94232657579437,5.283696444947566,3.9069437643019294,262,2.747820872662965,19.994871981065028,1.0247746385727383,1.021422130212876,29,-28.285880404238583,5548.721871197214,2.6823978538412296,5334.115072092149,0,5548.721871197214,1581.8789094298425,64,55,21,25,0,0,1283.2496432460869,98,164,582.7093746089782,1.0,1.0292288326602967,2.6595755622911064,2.6863314948052177,473.1695843525477,332,-0.0942503979041069,no,54.94232657579437,0,0,0.4361479328513773,200.0,2045.773347222857,2820.126288204744,0,0,53.56557389514873,357.39883733228044,54.94232657579437,0.0,0.0,0.0393792243564528,6470.224261989729,0.045908753940584864,0.0,20.482541952945652,640,0,no,2590.886351284211,nn,0.0865960796491353,-0.6637755257766835,1.0,2649.158662497172,980.0,0.0,0.0,0,0.0,4559.762131110261,3178.990394996608,39.87217465839935,11.586294254153989,38.495421977753715,0
42,47,0,56.52200974603108,11.024445899743071,0,266,2.8227327155327515,20.0,1.0234790633930473,1.0218984777076974,32,-3.167987443652777,5346.192690359336,2.761565510160937,5232.519823957668,0,5346.192690359336,1654.130503782144,23,50,10,22,0,0,1414.5440403216267,109,157,657.9362189478376,1.0163611141383901,1.0171012281736074,2.727946496481368,2.7698367749511354,505.6670922574976,419,-0.11431449601939599,no,56.52200974603108,0,0,0.404757656162856,200.0,2505.2567573664523,2750.2139780902658,0,0,45.49756384628801,360.86573911923654,56.52200974603108,0.0,0.0,0.038983021506312436,6289.739933569434,0.049370564812648884,0.0,20.4673796576845,230,0.24526089777572097,no,2880.3326754852046,nn,0.07483655707175024,-0.6311475667945728,0.99880833261806,2684.924412122747,1090.0,0.0897941681189258,0.07097983436921418,0,0.01571382155566569,4987.562603233855,3221.9092945473003,21.42848300853253,18.260495564880802,10.40403710878946,0
42,47,1,56.08778000062844,0,11.024445899743071,257,2.804665973926929,19.99802490636616,1.0248290422478987,1.0231560942978675,29,-31.563609375138753,5517.158261822075,2.7377939652723664,4638.670705882637,0,5517.158261822075,1706.5212027421017,42,47,14,13,0,0,1290.0575441102749,99,158,624.7924667356992,1.0,1.029044785281875,2.7581666077262565,2.732851094745866,443.36626829068666,357,-0.08463472919400866,no,56.08778000062844,0,0,0.43564376256018583,200.0,2750.2139780902658,2505.2567573664523,0,0,67.11222590037151,352.243292443001,56.08778000062844,0.0,0.0,0.038983021506312436,6333.61089821218,0.05456256789623075,0.0,20.486486825552124,420,0.6738940162105936,no,2706.9154895334973,nn,0.07481959376773985,-0.4556329360345755,1.0,2598.6060411908,990.0,0.24554240865124172,0.19169456607645363,0,0.05156239655280244,4883.627926606453,3118.32724942896,-21.42848300853253,-52.9920923836724,-10.40403710878946,0
42,48,0,57.28988433281842,10.565835589187412,5.967455181047923,259,2.8319065268922374,20.0,1.0257065961605918,1.0221187296566268,32,0.7811950384867146,5346.973885397822,2.7930719787657603,5665.979268249796,0,5346.973885397822,1630.947090336669,26,33,10,17,0,0,1421.143488780955,102,157,635.475183126926,1.016925752902543,1.0250913702511835,2.784449643545506,2.795216260661905,489.49614206961655,402,-0.11303059108256153,no,57.28988433281842,0,0,0.4021974158366434,200.0,2258.084563656104,3025.650261525444,0,0,52.691503924678926,344.7392639672533,57.28988433281842,0.0,0.0,0.0414560568451252,6251.5759049874605,0.046384942795156044,0.0,20.511424255573402,260,0.5098417583847151,no,2767.103621061187,nn,0.05596179476008064,-0.5952934737099419,0.988623579841995,2615.2083230931976,1020.0,0.18062535211286213,0.14160892027130634,1,0.03555818848371261,4898.413570380455,3138.24998771184,45.810159851491974,46.5913548899789,41.211779443352484,0
42,48,1,58.25438529423239,5.967455181047923,10.565835589187412,266,2.8981465346044804,20.0,1.037397054734268,1.024313256274299,29,2.009417814629387,5519.167679636704,2.809219246296266,4748.686349736357,55.191676796367034,5463.976002840337,1931.2923261636763,52,43,20,15,0,0,1295.9226480377806,104,162,717.082745043851,1.0,1.0308531376202168,2.9332946418728483,2.779819579368735,411.85177054847117,397,-0.08352801576746867,no,58.25438529423239,0,0,0.4301973598149853,200.0,3025.650261525444,2258.084563656104,0,0,62.85276570237187,338.5909984491366,58.25438529423239,0.0,0.0,0.0414560568451252,6579.898382485812,0.06123166462851938,0.0,20.73685967054234,520,0.3328084165008104,no,2985.132605209149,nn,0.05957116208537586,-0.43253042896673327,0.9949968641730454,2689.769155040613,1040.0,0.11867541133290739,0.09323042523254599,0,0.019847056478675608,5516.252047605697,3227.7229860487337,-45.810159851491974,-43.80074203686294,-41.211779443352484,0
42,49,0,58.64139860612991,0,9.30809461111415,263,2.926846679393664,20.0,1.0192911784239918,1.0217492060230295,32,-16.931673007417317,5330.042212390405,2.8770224331170273,6589.298242009461,53.300422123904056,5276.741790266501,1646.4341817651707,29,25,9,11,0,0,1428.6655477386878,100,163,617.6133888050425,1.021378091919787,1.0267830485419767,2.7332057236779166,2.902514720362941,479.53847883076264,410,-0.12089517974198644,no,58.64139860612991,0,0,0.4000361861785522,200.0,2313.9187260795184,3514.6127158285412,0,0,67.94949321724407,350.40098624442413,58.64139860612991,0.0,0.0,0.04016435372068925,6584.427542349699,0.04379603406328396,0.0,20.382669919815875,290,0.45118457026111314,no,2889.339608208617,nn,0.0706203872482072,-0.6458806322947427,0.998218579011761,2655.6433757395644,1000.0,0.15809851926132806,0.1242348427221247,0,0.032450584328126704,5388.604252260436,3186.77205088748,48.94942006153531,32.01774705411712,58.25751467264946,0
42,49,1,58.7037111974962,9.30809461111415,0,242,2.9351855598748102,20.0,1.0187634953279903,1.023933013799198,29,20.344867402134184,5539.5125470388375,2.882360386444483,4347.0896015854805,0,5539.5125470388375,1681.1485295572143,5,29,3,12,0,0,1302.4443020040592,95,147,635.9877396829304,1.0,1.0462582874399857,2.903339494818857,2.8687888577522416,441.8911621651644,424,-0.12943486153313838,no,58.7037111974962,0,0,0.4411824268924398,200.0,3514.6127158285412,2313.9187260795184,0,0,49.39561658638205,331.93368647805534,58.7037111974962,0.0,0.0,0.04016435372068925,6253.841211345513,0.06655345192246338,0.0,20.366541072925923,50,0.5160984959517294,no,2829.1794850710935,nn,0.08091857480499473,-0.6423708035922454,1.0,2446.581072442076,950.0,0.1794218839289446,0.14132947105427862,0,0.03072891606383603,5547.7835913345025,2935.8972869304894,-48.94942006153531,-28.604552659400152,-58.25751467264946,0
