run,time,country,Yprod,Export,Import,nFirm,avWage,nOccupied,avPhi,phiCountry,nBank,publicDeficit,publicDebt,avPrice,bankLoan,bankBonds,cbBonds,netWorthFirm,enteringFirm,exitingFirm,enteringFirmTradable,exitingFirmTradable,enteringBank,exitingBank,netWorthBank,nFirmTradable,nfirmNotTradable,netWorthFirmTradable,avPhiTradable,avPhiNotTradable,avPCTradable,avPCNotTradable,Saving,nCreditLink,averageFirmProfit,adjust,Ysold,Salvatage,badDebt,taxRate,G,creditCapitalInflow,creditCapitalOutflow,creditBondInflow,creditBondOutflow,ExpenditureC,disposableIncomeC,productionSoldValue,changeInventoryValue,inventoryQuantity,rDiscount,loanDemanded,averageInterestRate,inventoryValue,productionQuantity,EnterValue,innovationExpenditure,labPolicy,nWorkerDesired,whichPolicy,HI,profitRate,wageShare,xESum,xESumTradable,innovationExpenditureCorr,probInn,innSuccess,innovationExpenditureWeighted,loanReceived,xProducing,CA,PrivateSaving,diffCreditFlow,diffBondFlow
0,0,0,0,0,0,0,1.0,0,0,1.0,0,200.0,200.0,1.0,0,0,200.0,0,0,0,0,0,0,0,0,0,0,0,1.0,1.0,1.0,1.0,200.00000000000173,0,0,no,0,0,0,0.4,200.0,0,0,0,0,0,200.00000000000176,0,0,0,0.001,0,0,0,0,0,0,no,0,nn,0,0,0,0,0,0,0,0,0,0,0,0,200.00000000000176,0,0
0,0,1,0,0,0,0,1.0,0,0,1.0,0,200.0,200.0,1.0,0,0,200.0,0,0,0,0,0,0,0,0,0,0,0,1.0,1.0,1.0,1.0,200.00000000000173,0,0,no,0,0,0,0.4,200.0,0,0,0,0,0,200.00000000000176,0,0,0,0.001,0,0,0,0,0,0,no,0,nn,0,0,0,0,0,0,0,0,0,0,0,0,200.00000000000176,0,0
0,0,2,0,0,0,0,1.0,0,0,1.0,0,200.0,200.0,1.0,0,0,200.0,0,0,0,0,0,0,0,0,0,0,0,1.0,1.0,1.0,1.0,200.00000000000173,0,0,no,0,0,0,0.4,200.0,0,0,0,0,0,200.00000000000176,0,0,0,0.001,0,0,0,0,0,0,no,0,nn,0,0,0,0,0,0,0,0,0,0,0,0,200.00000000000176,0,0
0,0,3,0,0,0,0,1.0,0,0,1.0,0,200.0,200.0,1.0,0,0,200.0,0,0,0,0,0,0,0,0,0,0,0,1.0,1.0,1.0,1.0,200.00000000000173,0,0,no,0,0,0,0.4,200.0,0,0,0,0,0,200.00000000000176,0,0,0,0.001,0,0,0,0,0,0,no,0,nn,0,0,0,0,0,0,0,0,0,0,0,0,200.00000000000176,0,0
0,0,4,0,0,0,0,1.0,0,0,1.0,0,200.0,200.0,1.0,0,0,200.0,0,0,0,0,0,0,0,0,0,0,0,1.0,1.0,1.0,1.0,200.00000000000173,0,0,no,0,0,0,0.4,200.0,0,0,0,0,0,200.00000000000176,0,0,0,0.001,0,0,0,0,0,0,no,0,nn,0,0,0,0,0,0,0,0,0,0,0,0,200.00000000000176,0,0
0,1,0,0,0,0,0,1.0,0,0,1.0,0,200.0,400.0,1.0,0,0,400.0,0,0,0,0,0,0,0,0,0,0,0,1.0,1.0,1.0,1.0,200.00000000000176,0,0,no,0,0,0,0.4,200.0,0,0,0,0,0,200.00000000000176,0,0,0,0.001,0,0,0,0,0,0,no,0,nn,0,0,0,0,0,0,0,0,0,0,0,0,200.00000000000176,0,0
0,1,1,0,0,0,0,1.0,0,0,1.0,0,200.0,400.0,1.0,0,0,400.0,0,0,0,0,0,0,0,0,0,0,0,1.0,1.0,1.0,1.0,200.00000000000176,0,0,no,0,0,0,0.4,200.0,0,0,0,0,0,200.00000000000176,0,0,0,0.001,0,0,0,0,0,0,no,0,nn,0,0,0,0,0,0,0,0,0,0,0,0,200.00000000000176,0,0
0,1,2,0,0,0,0,1.0,0,0,1.0,0,200.0,400.0,1.0,0,0,400.0,0,0,0,0,0,0,0,0,0,0,0,1.0,1.0,1.0,1.0,200.00000000000176,0,0,no,0,0,0,0.4,200.0,0,0,0,0,0,200.00000000000176,0,0,0,0.001,0,0,0,0,0,0,no,0,nn,0,0,0,0,0,0,0,0,0,0,0,0,200.00000000000176,0,0
0,1,3,0,0,0,0,1.0,0,0,1.0,0,200.0,400.0,1.0,0,0,400.0,0,0,0,0,0,0,0,0,0,0,0,1.0,1.0,1.0,1.0,200.00000000000176,0,0,no,0,0,0,0.4,200.0,0,0,0,0,0,200.00000000000176,0,0,0,0.001,0,0,0,0,0,0,no,0,nn,0,0,0,0,0,0,0,0,0,0,0,0,200.00000000000176,0,0
0,1,4,0,0,0,0,1.0,0,0,1.0,0,200.0,400.0,1.0,0,0,400.0,0,0,0,0,0,0,0,0,0,0,0,1.0,1.0,1.0,1.0,200.00000000000176,0,0,no,0,0,0,0.4,200.0,0,0,0,0,0,200.00000000000176,0,0,0,0.001,0,0,0,0,0,0,no,0,nn,0,0,0,0,0,0,0,0,0,0,0,0,200.00000000000176,0,0
0,2,0,143.6387800402618,52.82903596113266,50.984274558933414,11,1.0044669932885442,143.0,1.0,1.0,1,142.5444879838954,542.5444879838954,1.004466993288544,30.91793395917081,363.35696807706404,233.15832529686662,110,11,0,5,0,1,0,40.0,5,6,50,1.0,1.0,1.0096760369237354,1.0001261235925512,147.9892493860936,11,0.0,no,143.6387800402618,0,0,0.4,200.0,27.638780040261793,24.91793395917081,238.94225493328827,292.9130603233236,141.79401863806297,286.1832680241572,143.6387800402618,1.071987878829487e-14,1.0658141036401503e-14,0.001,33.63878004026179,0.0020880847689107116,1.071987878829487e-14,143.0,150.0,0,no,143.0,nn,0.09091871256888484,0.0,1.0,110.0,50.0,0.0,0.0,0,0.0,33.63878004026179,132.0,1.839898772416042,144.38438675631102,-0.004862629783204397,0
0,2,1,143.27714067982143,74.17085572280128,51.46490371267914,11,1.001938046712038,143.0,1.0,1.0,1,142.68914372807154,542.6891437280716,1.001938046712038,24.272710879702572,369.676715732136,162.8067431184221,110,11,0,7,0,1,0,40.0,7,4,70,1.0,1.0,1.0,1.005329628458105,169.06709573819265,11,0.0,no,143.27714067982143,0,0,0.4,200.0,30.277140679821436,21.272710879702572,293.0521376131585,282.8464527356446,120.57118866969999,285.966284407893,143.27714067982143,1.0658141036401503e-14,1.0658141036401503e-14,0.001,33.277140679821436,0.002616066919971556,1.0658141036401503e-14,143.0,150.0,0,no,143.0,nn,0.09091249228051644,0.0,1.0,110.0,70.0,0.0,0.0,0,0.0,33.277140679821436,132.0,22.688837324330642,165.37798105240148,-0.017114685791497664,0
0,2,2,144.32650775621357,33.64215192939214,59.83107974910037,11,1.009276278015479,143.0,1.0,1.0,1,142.26939689751467,542.2693968975146,1.0092762780154798,41.14989592683742,353.7439610537547,176.97086070979947,110,11,0,3,0,1,0,40.0,3,8,30,1.0,1.0,1.00988374136839,1.0090484792581393,119.45246907780557,11,0.0,no,144.3265077562136,0,0,0.4,200.0,28.229281477615515,35.052669648239345,272.0528714198655,260.4982962859047,170.51543557592186,286.59590465372855,144.3265077562136,3.5558712055090524e-15,3.552713678800501e-15,0.001,34.32650775621359,0.0016177091834298247,3.5558712055090524e-15,143.0,150.0,0,no,143.0,nn,0.09092611001423728,0.0,1.0,110.0,30.0,0.0,0.0,0,0.0,34.32650775621359,132.0,-26.17510807710891,116.094288820406,0.013819742599316953,0
0,2,3,143.95191441279405,52.06896758370615,52.70899760999987,11,1.0066567441454128,143.0,1.0,1.0,1,142.41923423488248,542.4192342348825,1.0066567441454128,30.200231844533192,364.35649112698115,141.02900090106976,110,11,0,5,0,1,0,40.0,5,6,50,1.0,1.0,1.0068795549895904,1.006471068441932,145.5232042085879,11,0.0,no,143.95191441279403,0,0,0.4,200.0,30.951914412794036,27.200231844533192,330.87573288327815,293.8419906764466,144.59194443908805,286.3711486476771,143.95191441279403,7.105427357601002e-15,7.105427357601002e-15,0.001,33.95191441279404,0.002168916418762955,7.105427357601002e-15,143.0,150.0,0,no,143.0,nn,0.09092705966631903,0.0,1.0,110.0,50.0,0.0,0.0,0,0.0,33.95191441279404,132.0,-0.647961583765543,141.77127265111724,-0.007931557471820838,0
0,2,4,144.08184043024565,51.808672018525684,49.53042758484502,11,1.007565317694026,143.0,1.0,1.0,1,142.36726382790187,542.3672638279019,1.0075653176940256,42.73541070909251,351.9382456781277,195.25221497804483,110,11,0,5,0,1,0,40.0,5,6,50,1.0,1.0,1.004044203684363,1.0104995793687463,148.06550826158187,11,0.0,no,144.08184043024565,0,0,0.4,200.0,31.081840430245656,39.73541070909251,299.10907416899715,303.932270997268,141.80359599656524,286.44910425814766,144.08184043024565,1.0765900269521194e-14,1.0658141036401503e-14,0.001,34.081840430245656,0.0015409921576175585,1.0765900269521194e-14,143.0,150.0,0,no,143.0,nn,0.09092416188608553,0.0,1.0,110.0,50.0,0.0,0.0,0,0.0,34.081840430245656,132.0,2.294333564127861,144.66159739202965,0.01608913044719884,0
0,3,0,320.09054986800584,94.45877068178763,117.27755160536651,24,0.9973824335512556,314.98942870618856,1.0053718875288868,1.0,3,72.69422432575129,615.2387123096471,1.0161945789189495,78.3187240294402,494.5187052159167,91.47265767313274,240.0051566403523,13,0,4,0,2,0,119.86792041692091,9,15,90.001874806251,1.0,1.0,1.0273852854247625,1.0094438880299426,50.20452125131072,35,0.0003294908916162458,no,320.09054986800584,0,0,0.40383460013401495,200.0,64.32973657916375,64.17910622302,388.4135379283925,359.16618850779435,342.9093307915845,391.3481575965538,320.0905498680058,4.466248614837864e-14,4.973799150320701e-14,0.0026922703884400137,78.46935438558397,0.0036856646352238045,4.9733608827847276e-14,314.98942870618856,210.00381580536262,4.309163401207851,no,314.989859737112,nn,0.04168721485153747,0.0003601117962869178,0.9764291131509587,242.4915497809267,91.26618270972955,4.289999999999999,2.9481618131448375,8,0.1828868535571831,78.46935438558397,290.989859737112,-22.76200615397329,49.93221817177815,0.002803964215246424,0.0539708053903496
0,3,1,319.5212492725447,149.06668655936184,107.92695474846101,24,1.001770002116761,314.8331186806221,1.0042976171743767,1.0,3,72.27014710595469,614.9592908340283,1.0148908431602406,80.78040380481426,512.0472787807932,98.39348653344348,240.00518755187557,13,0,7,0,2,0,119.84062473019,14,10,140.003066,1.0,1.0,1.0117085859519475,1.0193459140598968,115.48505033705847,35,0.0003324015847455413,no,319.52124927254476,0,0,0.40383373375914905,200.0,53.6081814207049,54.704548484476646,408.6643564654148,404.1458309456234,278.3815174616433,392.0897613658634,319.5212492725447,3.750455892623049e-14,3.730349362740526e-14,0.0026922703884400137,79.68403674104249,0.0036450382286137522,3.750455892623049e-14,314.8331186806221,210.00405872513562,4.298314220394642,no,314.83364428062214,nn,0.04168377740496131,0.00036156033509779134,0.9829706877172412,242.36137023385183,141.3763718188526,4.289999999999998,2.9481885531333982,8,0.18138595080703285,79.68403674104249,290.83364428062214,41.13484695760323,113.40499406355845,0.005320831579695096,-0.010205684877291787
0,3,2,323.99186392927874,102.09618827351477,125.730636685953,24,1.012381803865608,314.463834319734,1.0022554111947333,1.0,3,71.07681505035976,613.3462119478739,1.0302992858627331,70.18323751586283,480.98017408392843,143.0110916587666,240.00499610234965,13,0,6,0,2,0,119.90606440630172,9,15,90.00189058302705,1.0,1.0,1.0258128718743538,1.0329767326841126,47.548774706931354,35,0.0003239846856564078,no,323.9918639292788,0,0,0.40143447201754656,200.0,82.68226296944489,70.18323751586284,345.27636967199885,355.9214234668198,347.6263123417165,393.8586235343211,323.9918639292788,2.8172923736958864e-14,3.019806626980426e-14,0.0026922703884400137,82.68226296944488,0.00439879546266237,2.995243810306766e-14,314.463834319734,210.0033447533527,4.329795232686407,no,314.463834319734,nn,0.041684417458438185,0.00035120613357411315,0.9805180947060708,242.05319526644504,90.44069333994122,4.289999999999997,2.9481299383166224,6,0.1823147388905523,82.68226296944488,290.463834319734,-23.694920045079883,47.381895005282104,-0.04891705750648612,-0.011554575135164669
0,3,3,324.8387000871787,105.05949354797315,114.96269678027642,24,1.0077842714240144,315.1676545348258,1.0039237054228027,1.0,3,71.40138339179543,613.8206176266809,1.0306854000186885,72.718941559217,500.8864688762674,171.86977293547085,240.00501050052867,13,0,5,0,2,0,119.86856442930078,10,14,100.00210394602853,1.0,1.0,1.0312322147130932,1.0302932724088998,60.2993563220541,35,0.0003268687414113946,no,324.8387000871787,0,0,0.40283646184893523,200.0,71.1794899807675,61.96387950633462,376.14412411233303,435.07974829739027,334.7419033194816,393.4256618193934,324.8387000871787,9.235606166254937e-15,1.5987211554602254e-14,0.0026922703884400137,81.93455203364991,0.004195160230525785,1.630285299108007e-14,315.1676545348258,210.00325612292767,4.3185574323838205,no,315.1676545348258,nn,0.04168232546479094,0.00035500564981038045,0.974114503975384,242.63971211235483,101.352088322893,4.289999999999999,2.9481259169050515,6,0.18226042650027216,81.93455203364991,291.1676545348258,-9.976973619449296,61.42440977234501,-0.036736644940873475,-0.03703374220515343
0,3,4,322.73969800022314,129.33442194263165,114.11772118521247,24,1.010877805878682,314.51913081795647,1.0029185629763762,1.0,3,71.21674232724786,613.5840061551474,1.0261369385095522,103.03437654891468,473.4599220692832,104.30928104637593,240.00507437033238,13,0,7,0,2,0,119.87750732265827,12,12,120.00258508718542,1.0,1.0,1.0232109292291909,1.02905946734477,88.03311850379508,35,0.0003259385572584387,no,322.73969800022314,0,0,0.40715289502825747,200.0,58.11872830024578,78.8876275206327,400.55879146192825,364.7439884224395,307.5229972428041,393.6212861096045,322.73969800022314,2.1080538094634415e-14,3.019806626980426e-14,0.0026922703884400137,82.26547732852774,0.0029766601836095532,2.979956478352187e-14,314.5191308179564,210.00334906703853,4.32245521290737,no,314.526979303155,nn,0.041684789175405954,0.00035286198722605627,0.9823564099259173,242.10581608596257,120.97819105134586,4.29,2.94813833712465,9,0.18172749677773356,82.26547732852774,290.526979303155,15.29905286089857,86.51579518814796,0.07752890665247492,0.004823196826919229
0,4,0,468.13064005823276,124.82512044546857,136.59625898257082,34,0.9957544591648837,449.25039642497313,1.0134261619071323,1.0053093432072648,4,16.989132609477878,632.2278449191259,1.0315473488483504,151.291208665144,508.494659335176,56.90050604272267,339.21785786569274,10,0,4,0,1,0,160.05210209926432,13,21,129.5754164002008,1.0066603862002268,1.004594612543023,1.038813955964088,1.0270799270041473,38.43814289596573,58,0.004168365791833273,no,465.96199669718294,0,0,0.4110715343085107,200.0,98.1020730944993,131.6441708205109,442.5594914433874,375.72681190215957,437.3767431753571,475.6569022974667,425.60560463825493,40.35639205892801,41.042901966059524,0.008672607906009357,117.74911093913248,0.007568924636429156,40.35639205892805,453.63240172427555,139.96894930933104,9.60271649604017,no,449.2718927116202,nn,0.03078064492539759,0.0046257447763322175,0.9527418860631982,349.4323228453896,133.45008418387783,9.399776223145485,6.455296333214794,11,0.28888157974813566,117.74911093913248,419.31878741446747,-11.903115341705757,5.086017267771156,0.3373894119683598,-0.4693662165718706
0,4,1,473.73044591102524,200.07207819921848,128.01563668183903,36,1.0060590613314906,455.0468932756122,1.011945977385296,1.0042559312893344,4,13.604748097693545,628.5640389317234,1.0354314805450653,122.84879263900694,624.8288360423346,94.08293908015457,358.768818155298,12,0,7,0,1,0,160.02699903738193,21,15,209.44277264118602,1.0073674051844168,1.0,1.0291261013124942,1.0435092955940806,102.79708130018949,60,-0.0010476458705733357,no,472.72512300559157,0,0,0.413938109668735,200.0,93.47170399341013,86.20700601308197,426.59966670822155,516.9474028989875,378.86914879200964,481.33955299919927,450.9255903093891,21.799532696202437,22.092844965958065,0.008672607906009357,130.11349061933512,0.010351819078949364,21.79953269620247,457.58819041558223,159.95829656321536,9.188678527603939,no,477.6499932947146,nn,0.02949406054168185,-0.001500584541061762,0.9608127472324892,370.19061855708026,215.5654082011822,9.015489629815333,6.190689581561905,13,0.2627484400000006,130.11349061933512,444.22874226849643,71.88145227050958,85.48620036820547,-0.07089174087826677,-0.10409750599160361
0,4,2,433.37366129058444,109.20544902127092,141.1081568729466,31,1.0092134908373736,411.6133009390066,1.0096541811092468,1.00226079054639,4,30.413137695278124,643.7593496431509,1.047722877535795,107.62197958330056,522.7426731140189,109.95679995918749,309.2815554587587,7,0,2,0,1,0,160.02841757817583,11,20,109.84954183662559,1.0013276332015124,1.0028090997855166,1.0482246902691807,1.0474519149890913,36.66684975018575,55,0.003502021060625952,no,431.00837475818537,0,0,0.4091424651733962,200.0,98.44900225113322,90.21943040345161,462.98902122321664,451.9291446532724,420.98833948706874,457.4986907806303,389.08563163539316,41.92274312279222,42.31008929118386,0.008672607906009357,115.85155143098217,0.010562438095018993,41.92274312279224,413.67320446006124,109.91425767203776,9.719755917878361,no,411.620835211456,nn,0.03339976699447717,0.003411914851360035,0.9551578842015513,318.7695613906248,113.01421677516468,9.412635033292132,6.462871167977097,17,0.308968992710247,115.85155143098217,382.5234736687499,-31.79914997285327,-1.3860122775753552,-0.08551002917039341,0.1890679079928077
0,4,3,462.14593222680725,101.14536917480228,152.16032843682282,33,1.0122908057631599,437.59907519386024,1.009092971593931,1.0038983486200028,4,17.276753779379362,631.0973714060573,1.0497364138725476,90.02471089250562,582.277769169318,48.2780204313234,329.67362095304685,9,0,0,0,1,0,159.9579362531515,10,23,99.68652992888896,1.0061281512516103,1.0023428699357437,1.0521197216664153,1.0486143766081415,36.715680100107804,57,0.008133878879782456,no,458.7507602917101,0,0,0.4173983579152363,200.0,111.49633101318982,78.47198142692096,447.7682488315896,447.2266670261734,437.5894338906929,473.9260122838149,386.57447462867185,72.17628566303826,72.03833488438043,0.008672607906009357,123.04906047877449,0.013400895137193582,72.17628566303826,440.2969467796968,129.89947823298158,9.74516100261536,no,437.5990751938602,nn,0.031756304850662644,0.008332217970224206,0.9559976840897725,339.24245408393426,102.88238012365457,9.418313765573991,6.466233533786941,12,0.3085015012532419,123.04906047877449,407.0909449007211,-50.41969771706866,-33.14294393768866,-0.3274186629887481,0.9226802079406298
0,4,4,471.59307806943065,160.03842561186087,137.40606147844213,34,1.0078458832810595,451.86172832428963,1.0091280185618428,1.00287671358409,4,12.477656692691141,626.0616628478368,1.0392294151719434,141.34050792770148,559.4390510143883,54.70901355927117,338.7251874044719,10,0,4,0,1,0,160.08151626908207,16,18,159.89887014859622,1.0040758753491952,1.0017626272096578,1.0373535296021814,1.0407308405456137,50.50076326593541,58,0.0007588095761863493,no,470.75977309594185,0,0,0.4188972052262814,200.0,85.31737480642187,100.2938964946889,485.3589731159095,473.4453748417319,428.4658414806619,478.65926335159475,451.0982056140804,19.6615674818614,19.926951169194844,0.008672607906009357,126.36398623943447,0.0087689051480019,19.661567481861425,453.99684856470395,140.00047656308982,9.68219094000669,no,451.86172832428963,nn,0.029888530604510806,0.0007308926171129117,0.9616616053133364,349.8620740849046,163.98495387019378,9.408508340788716,6.460451311607622,13,0.28709999625098215,126.36398623943447,419.8344889018854,22.240510761117918,34.718167453807084,0.14643102106924744,-0.5382843933700769
0,5,0,455.596101184355,134.68018501559922,133.66174136099443,37,0.9986677602815978,426.55231325459255,1.0201609452852936,1.0133330536440748,4,16.568869503827983,648.7967144229563,1.0502773529263096,160.35333577290731,515.1938162504715,102.01468389679349,339.02446767854576,4,1,2,0,0,0,160.2053371868052,15,22,133.9669200640972,1.015493836721963,1.0121484444718767,1.0593704744472245,1.0442659329608448,37.145878766364824,70,-0.06611403868056594,no,453.1915495036335,0,0,0.4207165651861731,200.0,112.16185239003036,137.8772813072911,447.48434981369144,415.89613553800024,425.3191530576228,462.45266678820275,426.3375967122278,26.853952791405693,58.10272634047715,0.013118196616037284,134.63790685564655,0.012155252556583345,57.19770551612404,433.2604239271033,40.01794071607247,11.83823411125413,no,463.08961157995805,nn,0.03008902890589676,-0.1602893373563655,0.9322349664663075,385.9286168107625,155.74004629756945,11.325191335579088,7.823903905234856,17,0.3533686459254237,134.63790685564655,432.34345563372926,0.3977580858980332,16.966627589727338,0.37308242717520557,-0.9937679958819672
0,5,1,482.98190169347413,197.71290927849466,128.18050269994893,42,1.0100585105674609,453.0,1.0195614750378224,1.011888168600089,5,6.981492100477169,635.5455310322045,1.0488701515352388,168.8306465084954,682.2509755231007,57.1990977928981,396.97730403196044,6,0,3,0,1,0,200.29787839828927,24,18,218.2523280286657,1.0168804921195627,1.0050533483883284,1.0438203827559023,1.0554578951247477,109.13247622088656,78,-0.04264423374852789,no,480.0489932218044,0,0,0.413938109668735,203.76800592940975,115.71054427264983,126.8984031560931,483.38416249156234,587.2887047753572,373.7772299112308,482.6264983783904,443.3096364897763,36.73935673202805,59.623964779661435,0.013118196616037284,157.64278762505208,0.013479402060382345,58.49118004414471,460.1855693095737,100.06517677858142,11.334230810167872,no,539.4330146611036,nn,0.029131157019333123,-0.13316122172702427,0.9457228271408162,438.83949346502635,251.0317822829354,10.817780611174076,7.4610066630857785,19,0.3220479358145864,157.64278762505208,504.51454719207356,71.01563167830332,77.99712377878505,0.17673619032206034,1.3064889094355294
0,5,2,434.46763917053414,105.9947440917763,141.16006849493198,35,1.0083018603106597,404.9978633679683,1.015950140918459,1.0095710507406195,4,26.343024979420335,670.1023746225683,1.056310093495279,138.4561851857604,499.5562235333996,121.32565276237233,307.3309433093295,4,0,1,0,0,0,160.1832940888256,12,23,103.27227785235783,1.0052996246478632,1.0120452380941323,1.064624661561428,1.0519922500418606,36.301703055493796,66,-0.119867935677016,no,429.9615448336442,0,0,0.418870820515219,200.0,100.66052096185943,110.44544821342336,441.5603419205848,392.3398435937887,415.3119438785498,451.5793232941018,380.14661947539383,49.81492535825038,91.93877707265621,0.013118196616037284,128.67125793419646,0.013458191725213352,91.34199190781705,409.5103378919121,40,11.413166250225897,no,422.1076591163438,nn,0.031026388391424176,-0.21621743009582362,0.9383271444914624,361.3178650375305,123.63173855112255,10.790034360095376,7.470066904457594,12,0.33186494297980573,128.67125793419646,391.2713487538527,-35.21195988271266,-8.868934903292796,0.16073652312712738,-0.20737200268411016
0,5,3,460.9555363095949,103.78427147736699,142.8226661433105,39,1.0142435967979175,430.2657460459313,1.0165536690883132,1.0091037170781738,4,12.203123442534718,643.3004948485918,1.0624903646648016,123.17364083221507,538.9519660060257,47.34118655488339,318.9171272676121,6,0,2,0,0,0,160.1245764772862,12,27,104.12583493012207,1.0092306763894117,1.0090330377151502,1.0691833172323637,1.059082599257321,37.70260366402477,72,-0.21014662399378115,no,457.86297712508934,0,0,0.42272847579424927,200.0,121.15014189234073,97.78466284505161,460.89789325082614,403.8905509631444,426.2202397219363,463.92284338596176,387.181845055993,70.68113206909636,142.11054325658085,0.013118196616037284,146.53911987950417,0.01747030946776369,141.8240628348319,434.1110901524703,60,11.187233286143522,no,448.8218702249096,nn,0.0284545065945364,-0.3978122533565772,0.9382648079891152,404.56961827265343,125.99340461849468,10.56103850463611,7.382693866564501,22,0.3096220833307173,146.53911987950417,413.4452070428036,-39.38319998910811,-27.180076546574945,-0.3687861367241396,0.023980813559546732
0,5,4,506.24285413796076,149.15217006927347,145.4993012333249,41,1.0158757014955395,475.0,1.0151036370942024,1.009142082654062,4,-2.932887627535081,623.1287752202984,1.052137478109889,137.5303813385096,622.3458808894751,34.69440693719673,387.37228920447546,7,0,2,0,0,0,160.25192904813642,18,23,160.02524119605667,1.0102271361256643,1.008157461753368,1.044160686338307,1.0576308128734624,38.8448694541428,75,-0.03830720514740267,no,503.52525420253676,0,0,0.4188972052262814,207.43381890448433,136.66983970174718,113.34710369676826,457.57732548683856,491.4888380932127,460.276206753375,499.0949155738184,463.9290755893236,39.59617861321314,59.395110029659435,0.013118196616037284,160.85311734348855,0.016863209337389926,59.147986573236984,480.4077558632711,70.02556599980619,12.252660303412988,no,529.2978881749126,nn,0.027730176530350165,-0.06766431364396665,0.9510918032761095,427.8877236220793,186.66030863250643,11.683330037299715,8.050419892338367,16,0.31931714345947537,160.85311734348855,493.53831717730003,3.181770107619087,0.24888248008076452,-0.34176900390014,-0.12932972442933988
0,6,0,446.12359740458567,132.47827924941927,132.1873349544483,41,1.0039594224914108,411.0,1.0265313083831697,1.019118726383185,4,10.635010116777835,659.4317245397303,1.0592813679176032,106.79118971472094,596.6531665985439,85.47120939134345,348.36719762984364,4,0,1,0,0,0,160.37463267191245,16,25,119.77145928537549,1.0172545855767317,1.0223460448558204,1.0667265708286064,1.0543668491202955,36.51926095114462,78,-0.03682184291721137,no,443.23731525044775,0,0,0.4279898728443992,200.0,141.27689989186507,94.77836722343143,448.41357268701614,471.10622413717283,416.8763100952317,453.39022863770305,417.16725439020223,26.070060860245512,84.16130396107314,0.0151067615167693,153.2897223831546,0.0241512775200884,82.96805976966871,419.8795840358167,40,11.289954926192967,no,490.2015217852161,nn,0.029710437392747792,-0.0860803638030195,0.9222507619169923,430.27672172329295,166.65200468542247,10.547837375009241,7.341056483983814,13,0.3187343450281962,153.2897223831546,458.2293397274745,-0.9996479576390418,9.635362159139852,-0.7521569325260491,-0.5384353200839769
0,6,1,486.65436821523167,171.1767753944192,133.34441812443453,51,1.0200665966241793,448.80898044570216,1.021801536088806,1.0175063333750711,5,3.231246462323554,638.7767774945324,1.0630134653718235,204.99482643920862,751.1691773841569,47.19296295518586,444.65517348161694,9,0,4,0,0,0,200.57237744712555,28,23,217.4127299380094,1.023031883570766,1.0143239157492487,1.0506831321479462,1.0731393458235474,31.50470973402765,93,-0.061087408041708244,no,490.07031275011923,0,0,0.413938109668735,207.22821238048968,137.05534284175715,141.83102867779948,447.1437442461723,606.7291070909829,459.02179618718463,489.98027573577957,496.8541534571692,-6.783840707049977,50.89654199629279,0.0151067615167693,200.21914060316627,0.01661739256756712,50.124841765015645,457.2130349888986,90,10.369592014611841,no,626.2342417643678,nn,0.02624077304031034,-0.14742789317034669,0.9383149600546283,537.8315487216978,293.7386673647036,9.716342651009212,6.723147261420642,12,0.27729924083631224,200.21914060316627,585.7738936863758,39.901229539338345,43.13247600166285,0.14775231250354182,1.9211199568501343
0,6,2,423.4571605452003,114.16288538144211,135.2417598956813,40,1.0067602994962563,392.45550625364666,1.0243899145261632,1.0155746754246218,4,17.954896159616794,688.0572707821847,1.0584019877745532,162.3639660335218,485.90642124338797,89.44744520168365,295.54000027929675,5,0,3,0,0,0,160.34505440682554,15,25,117.96283960747377,1.0141161083234136,1.016860440038802,1.0689483361912255,1.0523755033284963,36.91100699849877,75,-0.1386277405111998,no,435.06379158831834,0,0,0.427145073933993,200.0,139.18732733555714,145.21676412211076,550.4458166257477,437.7424122886348,407.37197154062216,444.28297853912125,386.29309702638324,48.770694561935116,133.93398362101118,0.0151067615167693,156.33452924696815,0.01689380316132265,131.99336625408606,399.4061219923764,50,10.158724579744057,no,440.00362345110557,nn,0.028984238720016393,-0.33721849304345586,0.9283290620428227,415.4781228736778,156.3868391379051,9.469692867354997,6.6586068513140315,17,0.2830779852045393,156.33452924696815,406.63497037575706,-22.187912276361107,-4.233016116742435,-0.006499142441586336,-1.102538619680331
0,6,3,422.210625901494,119.90775651129623,136.38522610676685,41,1.0132023144958329,389.73381958220284,1.0197318137557674,1.016513457838075,4,19.643535449819353,662.9440302984143,1.059961565817857,142.87185998666632,497.29045163070293,104.83840497572385,269.03294530562005,3,1,2,0,0,0,160.28849300642642,14,27,98.56075765485659,1.0182311232927035,1.015688806220063,1.0668782689465028,1.055857949327565,34.9076074290156,79,-0.20991281273080686,no,418.87852712887656,0,0,0.42272847579424927,201.45449909670953,126.61444563658259,113.43712463646123,456.09890221071737,395.2837285187295,408.76787727087844,443.675484699894,392.29040767540783,26.58811945346872,159.68107750107686,0.0151067615167693,156.04918098678766,0.01939392922584887,158.7350431389963,396.37269727155206,30,11.205479466618597,no,409.3765951254983,nn,0.026889438958858314,-0.28689294515606295,0.9364049522932231,423.50648776607045,146.34839146851152,10.375100472255848,7.357090606311539,11,0.291272274498959,156.04918098678766,374.80069554577744,-17.80185786677968,1.8416775830390288,-0.31983679936351095,-1.0045514719455468
0,6,4,464.5390380851634,136.2622864529713,136.82924390821728,43,1.0163239552325345,427.8338937357348,1.0222070575482085,1.0141156804703089,5,18.073971862126797,641.2027470824303,1.0689436920789077,218.03975679998985,554.3271024875679,78.11620832899564,369.7946152422468,2,0,2,0,1,0,200.50579711587426,20,23,165.8465762210671,1.0176397619307296,1.0133702298623433,1.0590686385381438,1.075608071364437,38.33520591344727,84,-0.08790031288285267,no,464.91638681854107,0,0,0.4188972052262814,208.72513425402903,108.69754178651009,157.56827283246918,463.37652153747956,454.6170852716129,434.68354891902686,473.0187548324742,434.11659146378094,30.799795354760125,89.04303418204759,0.0151067615167693,169.1690257540308,0.012917064465321709,87.74598049912765,434.3012562413232,60.05984049182358,13.225207993509974,no,521.2000681518394,nn,0.02899824540921899,-0.14408035848401923,0.9305827230846418,453.3514425729711,209.78349535886633,12.394885583197674,8.60671326371959,22,0.3722690329511514,169.1690257540308,484.62662105790594,1.0881885614412563,19.1621604235651,0.9307405618274056,0.7244054548598342
0,7,0,407.14595331910755,111.53589793932929,136.8061609523165,41,1.003839229214568,371.9928501727093,1.0287962358425493,1.024952475368536,5,18.947009519058128,678.378734058791,1.0634503649486282,168.1410402136183,556.393942399581,55.3198213834379,308.1674458326784,0,0,0,0,1,0,200.72315845976667,16,25,108.68769162409212,1.0227576282819784,1.0287480390839259,1.0670426049535064,1.0614431563005948,35.18396283591297,82,-0.027846947849822258,no,406.45288701816315,0,0,0.4279898728443992,203.94784661101153,123.40434884517255,124.19844703573922,468.00947154879384,401.3445012730212,401.281081122755,436.4650439586683,376.0108181097677,30.442068908395484,113.5644388466058,0.014595891840342498,167.34694202305167,0.01760564023966358,111.59490072399291,381.686876391739,40.13954615592,11.197049421898887,no,465.08327549700255,nn,0.03212224181972476,-0.1549872811514249,0.9162574988704988,432.1820880328125,167.63870627265,10.313083477378427,7.216597605275433,9,0.32586202985984475,167.34694202305167,434.4572016783016,-24.902701403788633,-5.955691884729,-0.043815365063643696,0.4113769742622253
0,7,1,515.8540926465253,182.48973423810148,138.69701395641735,57,1.030503683006388,469.6370057902825,1.0252430580013325,1.0207312439700642,6,-22.7961463010449,615.9806311934884,1.075266581283743,223.95310628594652,816.0358748705501,73.91767574321966,493.66714066550537,7,1,3,1,1,0,240.93500016921632,30,27,230.18558696775398,1.0286320657003556,1.016684418920454,1.0563746972337071,1.091684452432462,50.27295226582449,107,0.05505502333643317,no,522.3478499120206,0,0,0.413938109668735,214.8578450204233,204.97134505891574,170.08736607866172,395.9710247875607,669.9439442078414,474.58969748520553,524.8626497510305,518.3824177668898,3.965432145130714,45.76771226743286,0.014595891840342498,258.8370852662005,0.019814253460719956,45.94851116740574,479.31960706078655,110.03746203107578,10.982874681381551,no,726.2395093067132,nn,0.02584113657483264,0.08342366985763112,0.9331098627416626,606.9078777631244,316.60174215826044,10.121988833506851,7.016927248696461,14,0.2703973944646111,258.8370852662005,682.6867321464828,46.51600590620963,23.71985960516968,-0.5098349406432474,3.233120565168747
0,7,2,409.1693815112165,139.86733178227576,127.47164848117839,41,1.0062868582635456,373.7985982287038,1.0290372308787867,1.023745421527475,4,13.739348201427248,701.7966189836103,1.0642064418624528,182.62313429092995,470.0706857277966,78.54354482450947,261.4170836957518,2,1,2,0,0,0,160.52519274271464,17,24,124.26553091336163,1.0269918222617387,1.02303293950327,1.070304668648099,1.0598691073982278,34.27078060546006,80,-0.062413817905478196,no,427.1235195227566,0,0,0.44164106905572753,200.0,132.4511531430072,145.0231795363782,553.4899314002338,400.30754296892945,400.52094100177226,434.7917216072324,412.91662430287005,14.206895219886556,134.5464258408553,0.014595891840342498,170.05110789755895,0.01676393922714234,132.21022697393795,382.9331301408276,20,10.411906514276975,no,419.91231896714663,nn,0.02728193420300704,-0.19930009737966345,0.918480173490319,427.6123041717068,178.4029565712591,9.609209029883232,6.792820870046711,10,0.28853277485994194,170.05110789755895,387.9762818391056,10.178244354265846,23.917592555693997,0.3200545526541463,-2.537493499485663
0,7,3,401.50857376070616,118.27367868544309,133.98483629221704,42,1.0134409704283394,369.9759069351517,1.0279783352788592,1.0205316670555022,5,16.123015117253743,679.0670454156683,1.0574140628936006,201.44190287633603,451.6067743124646,100.38075924194061,236.02598881678108,2,1,1,0,1,0,200.15937758465495,15,27,90.81796414963759,1.020423354955362,1.0193129358410042,1.05700469515035,1.0576604031387185,36.85944501462847,81,-0.04563319934885774,no,402.78595052823727,0,0,0.42572311049048495,201.45449909670953,152.59375658830072,179.97057930190067,503.77339803117496,376.6938861699122,401.1105951852139,437.97004019984286,385.3994375784401,17.38651294979719,169.1523763609414,0.014595891840342498,180.96803052105196,0.015913676049530753,166.24385262913432,378.31390948022147,60.13142778519557,11.020398809397125,no,394.68648967130144,nn,0.02654003887270363,-0.12065542028704798,0.9321556450077968,431.3402027093279,156.18067189584247,10.18780697021096,7.256023795592885,14,0.2807301913313088,174.06508016273617,367.33801214634246,-16.72726363262051,-0.6042485153691137,0.19207810851134965,-1.2081841343579072
0,7,4,455.3288764107565,120.23503237460545,135.44201533762572,44,1.0185275383288044,416.8087913583897,1.0220131187398203,1.0190560906553114,5,9.799924917251218,651.0026719996829,1.0716546948667287,175.55155346842997,617.1249079049927,106.83171524274962,358.88315726972485,3,2,1,2,0,0,200.74304523078322,19,25,151.1069446368587,1.0258281796505804,1.0195474784633862,1.0518812577269696,1.0840543833754523,37.50632966538247,85,-0.021941965846737653,no,453.42575133225,0,0,0.4314157607838886,208.72513425402903,146.96836154437426,141.10939322709072,433.50050251698735,506.4544536650467,435.55886859989084,473.065198265273,420.3518856368705,33.0738656953795,102.62033421924974,0.014595891840342498,181.41052178571348,0.017106634524332122,102.85241137801317,424.31887246005334,30,10.95436221187466,no,522.8113586246294,nn,0.029174592817396854,-0.03266544887801835,0.9269853647806551,464.9943535517272,198.43070254744842,10.056206415851234,7.011912556491319,14,0.31119073926718743,181.41052178571348,487.4461187797871,-15.064285224066612,-5.2643603068194125,0.04151764454128326,0.10118009441237064
0,8,0,402.1674790836028,129.01188605014815,134.00084402185774,40,1.0053922511962894,367.0,1.034037842237558,1.0280163065455712,5,16.057793976686497,694.43652803548,1.061888805422005,217.74274368314624,506.7248325644521,135.9169828220605,307.2818806738697,4,5,3,2,0,0,200.94463223150498,17,23,113.90815633320832,1.0287990214735012,1.0287945221723684,1.0653777995760296,1.0596474221063468,35.59822769312761,76,0.05891204782981843,no,404.56094499477274,0,0,0.44161206402117276,203.94784661101153,129.09969390540303,180.07189636026314,454.77410680889517,402.9793941599279,400.1934276735994,435.7916553667274,395.20446970189005,9.356475292882703,83.30154875799127,0.012863064303140874,166.77054122828616,0.012136061211218262,81.14682331905496,377.54593537624237,40,8.504852095843269,no,464.61772399746593,nn,0.03187465633183047,-0.017394885049337117,0.9156532817691632,423.9341855397925,177.11697513495798,7.77946152429154,5.442823673475966,12,0.26336841596508515,166.77054122828616,436.2467106250735,-5.559931348477306,10.497862628208402,0.7572416612061943,-1.328215037973905
0,8,1,513.4070884434136,143.03385126483812,146.8137334311925,58,1.0374070361318246,456.6936316845406,1.037443965236351,1.0236223608556332,6,-15.010896553546132,600.9697346399464,1.0936190635022542,245.4669081223076,841.4962726519088,42.362927887354886,504.89024566298747,3,2,0,2,0,0,238.5976706667922,28,30,211.16841309775214,1.024676702029842,1.0257488871195652,1.0713222573067014,1.1086993329237151,39.85601104072596,113,0.04895065427395255,no,516.3649149726568,0,0,0.413938109668735,216.66085070421093,229.12933931017767,188.7483722868997,426.3934651318032,709.282931031121,479.95762312251986,519.7763090213355,476.1777409561648,40.187174016492,68.88266903635952,0.012863064303140874,285.84787514558553,0.017443175722916458,68.89199315238027,469.80175686633675,30,13.129288881294995,no,758.2849671206484,nn,0.027995306425249118,0.027708799184035657,0.9147225473909714,624.2767802483086,297.4362542935446,11.92848507089638,8.249354654145431,20,0.3464299983054744,285.84787514558553,717.5786281936505,1.5398630872887624,-13.471033466256701,-0.3230401535885674,5.642785407231713
0,8,2,364.0909699828334,142.86541700910342,121.54098353202986,42,1.0056681666265876,332.59691274158456,1.0352775704864083,1.0291562390577098,5,3.817847123977913,705.6144661075892,1.0637778972712393,175.85432707128268,506.4934836528166,62.70872375341071,235.79276904512145,2,1,1,0,1,0,198.0780310568374,18,24,108.97034861828838,1.028186502612724,1.0297221719949088,1.0709344853901304,1.058401654937309,34.88866067106639,81,0.1075816131200896,no,363.9404681217548,0,0,0.443241285773038,200.0,182.43877652611874,163.41343696502915,515.8951384548124,379.48287975345073,380.2827918282807,415.1714524993468,401.6072253053545,-37.6667571835997,93.34829761625531,0.012863064303140874,206.26997801549246,0.01887234643464343,90.9613463854648,341.6802911692245,60.069850369408435,9.761659429227738,no,421.4153292592759,nn,0.029099734522993845,0.08183266655556418,0.9107616677226686,439.9960615754112,189.36117063377773,8.912847114479073,6.31255921875547,16,0.2929231940724364,194.87966663237233,401.0683644498385,17.600073045980015,21.417920169958528,-0.5279614242050004,-3.196399006888555
0,8,3,395.5121886500219,127.45948279444906,127.44338057397734,42,1.0103984259956609,363.99814320277915,1.0302657015921903,1.0273610870591192,5,4.187162514769682,683.2542079304383,1.0508333849393532,198.56313354360339,473.44294634191306,93.08653839359579,205.78481291207387,3,3,1,1,0,0,200.34350514718787,15,27,80.19363157379158,1.0267555701310511,1.0286900307796154,1.0555109431071776,1.0477376687562547,36.304754079830246,80,0.02871710968978144,no,396.579223766216,0,0,0.43522050084244635,201.45449909670953,134.80283750101864,127.41285761615373,494.5120804265808,377.78735723165204,402.9778217866588,439.2825758664884,402.99392400713003,-6.414700240914027,153.49334107718474,0.012863064303140874,205.95311342846836,0.020113686617358,150.38242252774816,372.7437859334585,30,10.25513866584389,no,398.22955245497735,nn,0.026603664712851024,0.008630060957105464,0.9312315828620992,430.7137510052656,155.7069471881412,9.440029317374893,6.741555841509493,11,0.2590884810163747,205.95311342846836,364.5000410187757,-2.9567223971721557,1.2304401175995014,-0.3140982614997352,-2.658726356144143
0,8,4,447.9757954667414,128.00030344177466,140.57199900125593,46,1.026077588407154,405.5244310052532,1.0272810917006676,1.0218955670212608,5,7.320327850538973,658.3229998502243,1.073015586679648,222.0872652413353,580.9403694110836,99.42485908507945,360.81131379064277,5,3,2,0,0,0,195.16510568669034,21,25,156.46011178391737,1.0214141570643158,1.0223501889760487,1.0489765825096073,1.0884277758671754,38.239331874893985,87,0.014540247095820082,no,456.0844434654266,0,0,0.4314157607838886,212.8116007310619,169.2496901189648,185.07377413333722,441.58453503402234,463.62676367996175,429.6025316449822,467.8352316858878,417.0308360855008,39.05360737992578,111.44998071468522,0.012863064303140874,206.2631812269629,0.014766758167655753,111.77243151399897,414.85810328663257,50,9.604304598800054,no,546.6778163363839,nn,0.028976817959418373,-0.007465980808492535,0.9274373516668135,487.45698147167394,219.7124906969454,8.770099872342279,6.160656238661087,11,0.2666388157334258,206.2631812269629,511.83278352283793,-10.623282387619101,-3.302954537083595,0.40785817808682445,1.5405549937753449
0,9,0,385.6565669864535,127.58243537790482,120.30265303375927,43,1.003962369162489,346.99339179365427,1.034882621223523,1.0319964731688795,5,12.78884759607044,707.2253756315537,1.0726799683287023,251.29760374683144,506.56850292151677,85.40061723718077,303.73140837440286,3,0,1,0,0,0,201.15252313567302,18,25,111.69017637441196,1.0324728344803138,1.0349253435942043,1.0753312840810327,1.0708370996286118,33.542950999489555,83,0.05172561216103906,no,410.7833907252707,0,0,0.44711729458905086,203.94784661101153,168.9518707119571,221.8328242726982,522.0866232101547,406.83036773729793,387.29416512398467,420.837116123474,394.5739474681299,16.209443257140805,91.25739952194726,0.010609914928615821,198.41665018609046,0.012250981340817485,88.54074332326806,357.4264514947518,30,9.03711588934332,no,494.40762996117826,nn,0.03193508651778722,-0.03231662584565496,0.9030165429616764,457.05499546070286,188.324874320266,8.246555687794793,5.75431367013331,13,0.29390123401901536,198.41665018609046,465.1644457948524,6.858636184995156,19.647483781065798,0.7564933851886702,-1.1776395443390584
0,9,1,515.9929128342137,150.56617398580033,146.55395799258588,61,1.043067201109648,452.994619785591,1.0403482170663418,1.0302737701399602,6,0.8310307092058054,601.8007653491535,1.0963041885069593,208.5496898836274,876.3741093361384,52.221823224830814,512.0720965552364,5,2,1,2,0,0,234.8563011066848,27,34,190.91441777592388,1.0369517516048776,1.0377961436218524,1.0677099762435585,1.1166605648276373,40.57455650775951,117,-0.0039647611265913275,no,515.0682130526199,0,0,0.413938109668735,221.33779098607687,254.83223550036251,164.55824286471574,363.0207048660858,689.8158720779006,476.57914450182597,517.1537010095852,480.59136049503996,34.47685255757985,89.21840346198947,0.010609914928615821,298.8236825192742,0.018404572350497916,89.02023544081155,468.59987919803893,50,10.03264035683491,no,773.419849121709,nn,0.025812685612970537,-0.06788248779203879,0.9154162952279976,660.1723749327753,286.0797820596428,8.904233269804068,6.19979766225483,12,0.24111407387857073,298.8236825192742,735.3304901340653,8.850193494731087,9.681224203935436,-0.7698710072056949,5.607848508722327
0,9,2,426.1570098603948,146.8439210739967,131.87340612908903,43,1.0072994541042348,383.64416935861357,1.0403453905462072,1.0349145943782285,5,-22.792470815928965,682.8219952916626,1.0687204951792235,251.31089475885432,507.7472003903413,93.16996573435324,242.12485146640736,3,2,0,0,0,0,198.27170248479246,18,25,103.14229175355572,1.035813268510066,1.03494087618429,1.0701403842350785,1.0676907454855835,38.12086407356315,82,0.26407043431103866,no,454.401241455458,0,0,0.443241285773038,205.54030280496414,189.05461729491927,184.42599461060712,473.0028456081933,391.09801644122496,414.2612831218185,452.3821471953815,429.2317980667259,25.169443388732073,105.24006610726283,0.010609914928615821,255.93951744316652,0.016326479643174494,103.0667011288224,397.04315764959335,30,9.637605081101974,no,488.34279037635935,nn,0.028735271957333546,0.27167100322599574,0.9029017932691851,452.69959437902827,190.26693431618858,8.754143318607197,6.149131141869906,13,0.26458498345478815,255.93951744316652,460.2715051005762,11.831645530327336,-10.960825285599622,-0.569657009976396,-2.5692124046039453
0,9,3,369.9876025759841,103.77244831811385,135.4518152479997,42,1.011524519561535,340.57450638874263,1.032637610560774,1.0317043775095471,5,1.7507806311247407,685.0049885615605,1.0529385887916178,257.14599618556554,427.28227156157504,112.30480053679753,211.81724316802809,5,5,0,2,0,0,200.5335884255988,13,29,70.5495976171552,1.026656154581939,1.0324288888945525,1.0564442259172693,1.0510842190050675,36.506665582809816,78,0.21602414279549684,no,369.49662825006266,0,0,0.43522050084244635,203.23333724676397,171.65902022797806,209.2445545590256,469.94943974052904,324.5315232773411,391.09977939330474,427.606444976115,359.4204124634189,10.076215786643717,125.27693978888695,0.010609914928615821,230.07600620050744,0.015219887241422472,122.42711579420335,350.41814049525965,50,9.032863615929436,no,419.77506679141095,nn,0.02886254421970819,0.4005496938237962,0.9274310189842715,429.8856530354002,135.1518581810708,8.331751683524491,5.9152432856497486,12,0.2581613072510071,219.56046185451802,399.65415037999804,-33.7240595856664,-31.97327895454279,0.31033849075853137,-2.3550311465390905
0,9,4,432.201753689053,145.51459345393133,140.09773980631292,47,1.0248106395259513,387.27092018444614,1.0365082438327575,1.0248252382229497,5,16.170948813424502,674.493948663653,1.0762516776611737,225.5194536009123,582.3587507686666,107.9190317861835,336.561972094503,3,2,1,0,0,0,195.3983732175456,22,25,145.41501066488206,1.0299191808958206,1.0256921328982007,1.060822655133364,1.0871235868288547,37.52080783971666,91,0.010927667226665974,no,449.2103399722777,0,0,0.4314157607838886,221.06794360523978,191.2615673235188,195.69769475168914,487.04730902754744,502.8311429187447,431.42820187518663,468.94900971490335,436.84505552280535,12.365284449472385,104.92570151121468,0.010609914928615821,221.08332617274192,0.01435839998714936,104.47737435426862,399.7899544464134,30,9.935626008260446,no,538.2265357742231,nn,0.02764373617864427,-0.045173575184534034,0.9157974622237288,500.5392472574186,230.89498327341227,9.035233754768852,6.329188543773565,12,0.26951800398066683,221.08332617274192,504.41175240225533,6.183584375615454,22.35453318903756,0.27269614123511676,0.49403458676192713
0,10,0,386.2573246373051,132.67159252517786,119.19602324955423,46,1.0037207322117179,342.86337570496215,1.038053169412442,1.0343331960097393,5,5.470238236379373,712.6956138679283,1.086782375688665,239.49621969414696,536.2863820010045,109.08851169123238,318.2052203493988,4,1,1,0,0,0,201.35901716941856,19,27,117.09494379619917,1.0249616268862654,1.0407067975753201,1.087942892884697,1.0859426292055943,34.058994386049555,86,0.11952398673798928,no,397.71559983100656,0,0,0.44730587204484595,203.94784661101153,158.31683869986378,193.61132111242182,522.3239411750901,455.00322099939876,385.4815066025146,419.54050098856385,398.957075878138,-1.2414760471314727,78.98380145710722,0.00977057344491522,226.85233994841502,0.01203207093187907,75.65693947867577,353.88216046938356,40,8.912852691752922,no,516.3648922068062,nn,0.031784273828075235,0.2521323456051855,0.8891038697017828,493.3270432165913,200.17061256964251,8.033154042766316,5.61155903818762,10,0.28402393260344216,204.201737281589,509.1370196118114,11.79461868708461,17.264856923463885,0.4170978523139315,-2.098048440852949
0,10,1,502.2445244098152,144.89745732834456,140.72763501187015,61,1.0492236058366702,437.93432976919263,1.047615117683091,1.0358101014003918,7,-5.441217199486232,596.3595481496718,1.097907666365702,252.0226746194694,861.6696218697746,51.5196831863376,458.3859987369202,0,0,0,0,1,0,274.63681142628405,27,34,176.80324326859807,1.0363574539972962,1.042643051822276,1.068270060970394,1.1190566979355439,40.62592236495353,122,-0.01074441220062968,no,523.3550295229301,0,0,0.413938109668735,223.71444877722726,257.4410969451258,181.27424808515352,419.6043598519032,736.4341167583442,478.1028625114093,518.728784876363,482.27268482788395,41.08234469504615,119.46779290134884,0.00977057344491522,328.1895234794418,0.016908383875395974,119.54928641406195,456.87542885505013,39.51313121292226,10.654443288098484,no,743.7624700124007,nn,0.025161074429329286,-0.12087653604222227,0.9111019044139506,662.7640068608869,287.2419054161449,9.382521033388942,6.591262009625608,11,0.24164515686383883,328.1895234794418,706.0984047710747,9.307910282962752,3.866693083478762,-0.6126258180919413,5.7507137845802845
0,10,2,395.6952445563472,145.05115172200743,127.69626465949973,41,1.0050201907493022,349.71080280941294,1.0549201971166975,1.040068207671832,5,-7.020793929400014,675.8012013622638,1.07572540678197,290.75392767924757,460.53832900718396,82.36791697414253,234.45516585468343,4,6,1,4,0,0,198.4659856285967,15,26,82.2351557786466,1.0368040630291815,1.0437507748033494,1.0765485454722337,1.0751178720306402,36.6993830539889,78,0.2688356012427174,no,406.37531088616385,0,0,0.443241285773038,208.0806536107774,173.6261090386069,211.0798604495552,524.7008559378037,391.8059005568666,399.5888180192133,436.28820107320206,416.9437050817207,-10.568394195556852,58.10535144820588,0.00977057344491522,253.30017626829942,0.013687008794641905,56.17008077744556,365.67784889761623,40,9.745756337308826,no,479.9935506370697,nn,0.03213841215448818,0.35480845922893794,0.8860535824029913,437.3818102943675,159.33746838645243,8.767778902415342,6.09517669729596,12,0.3080768651654035,253.30017626829942,457.7962471592141,16.103143372410905,9.082349443008951,0.4422051858761833,-1.6939488759729784
0,10,3,340.72956920186607,91.12670152389363,124.0262191994032,41,1.0095846917278484,311.80062690880345,1.0393162672241818,1.0324765761214287,5,37.84098855380387,722.8459771153641,1.0483808828329932,230.44880145876462,433.4409243499836,117.86679827902867,199.71894721403496,3,4,0,0,0,0,198.6812582249738,13,28,62.093911787957104,1.0280059118127995,1.0350470062051378,1.0595494618573482,1.042669002579048,33.7842622025896,76,0.08389268170170583,no,344.9821495285019,0,0,0.43522050084244635,208.25707141170756,184.11558526144077,195.08780549371238,539.9230408959523,368.384786409601,373.10481455413316,406.889076756723,340.2052968786237,4.776852649878226,112.69249250253941,0.00977057344491522,235.0660750363882,0.01622676550358046,109.8406398720091,322.5695659387711,30,8.252873708294732,no,410.89993645679476,nn,0.03102377780682943,0.21414287520622924,0.9240915918892149,421.1705856726984,135.1258225490335,7.5914012913025015,5.400798161234012,9,0.25245376625046234,219.47658122649295,398.5380179579008,-35.465771364035966,2.3752171897673295,-0.17343175114542309,-2.3928219373809725
0,10,4,432.39080873554866,137.29061774333047,139.3913787224268,49,1.026729141584107,391.23497714077325,1.032197204173807,1.0304210601554922,5,-3.1139685602057057,671.379980103446,1.070821718055368,235.25399384155213,602.7333800477162,123.57077319226823,346.65057565487007,5,3,1,1,0,0,195.63038294442035,22,27,146.85181194907625,1.0449235108303359,1.0315827129506343,1.0503081731533432,1.0847775651650202,39.83914922114526,93,0.11611190597848671,no,440.92677098174426,0,0,0.43978310696651735,221.06794360523978,217.65818179671692,210.10457660091132,440.3884100946264,495.3125832311653,439.81408214776025,479.65323136890623,437.71332116866455,3.2134498130797304,93.6029958323656,0.00977057344491522,242.8075990373577,0.014273324079284468,93.0772609159826,402.89799101835507,50,10.085569526178796,no,568.5252478311583,nn,0.027598662068016484,0.18243794597265195,0.927568821540763,521.4336983134076,231.42238237286819,9.09435409518772,6.39554532172498,12,0.27173414365026793,242.8075990373577,534.8998349191694,-1.7399009784219448,-4.853869538627059,-0.07324546895303463,0.43410546962741137
0,11,0,379.6715679935235,133.28906560351308,125.29545063879102,47,1.001884954399815,337.5635153921966,1.035157614592677,1.038502143619653,5,4.873269026454693,717.5688828943864,1.085607343679851,248.9718539691438,551.4046367113219,111.46231223169934,327.71823484059007,3,2,1,2,0,0,201.56173025775632,18,29,117.87902768343311,1.0338752627326222,1.04118779282188,1.0910554484799846,1.0818191712458496,33.57342934145591,86,0.15287317301445136,no,393.121362686582,0,0,0.44730587204484595,204.9825540825166,193.7984799145471,227.31431594741048,464.45671189299577,409.75477794163055,385.1704155872214,418.7438449286769,393.16403055194314,-0.042667865361099996,67.06460410588227,0.008259673813995705,250.0643910546845,0.010854212560673001,64.45940338208794,347.8914387145085,30,9.396633322188602,no,537.5732573238779,nn,0.03369026413952248,0.22668986459912,0.8914583895612469,508.5832884999409,190.7020290532367,8.325729483636566,5.82728864190855,15,0.31321159169695595,215.45601793628032,543.6579568120615,7.45763667876081,12.330905705215095,0.8617369349332504,-1.3977152208944972
0,11,1,515.5281940483301,171.91934361570028,137.29887990173606,63,1.0571244396027228,450.8166270241122,1.039992477148956,1.0366299752915167,7,-21.080536950562163,575.2790111991146,1.101297516137292,359.45252145141933,779.3963310642923,79.3225418079864,453.4579251257982,5,3,3,0,0,0,274.81560235078535,30,33,193.80719232129218,1.046791300561869,1.048111623150816,1.0717043833711892,1.1256657122913827,43.2010111182937,121,0.04905686909188201,no,557.2153810969224,0,0,0.413938109668735,224.69645309262475,261.85346156216224,261.0665853375417,392.4062473752876,675.8461090484516,491.904583656424,535.1055947747178,526.525047370388,30.690333726534348,114.54304937523443,0.008259673813995705,360.2393976760402,0.012210327346131176,115.28424245810832,466.765943326172,50,9.839081269028997,no,765.1032026797698,nn,0.02368152257063174,1.3227095713124938e-05,0.9212953710544983,686.7150090596772,321.84174624536627,8.644999397667434,6.061591896505595,12,0.20939802037823496,360.2393976760402,726.8482086696268,41.02757801354905,19.94704106298373,1.0308583570246332,5.376255942560192
0,11,2,413.97947521822505,121.34744882868694,132.80638391036632,43,1.0057691113287401,355.3551562167172,1.0614956274380634,1.0556425148801463,5,-0.9205485686835004,674.8806527935815,1.097068222951111,221.83389624533402,560.6997532789667,103.43313677216042,257.7867335159358,4,2,2,1,0,0,198.67066806067066,16,27,98.62743144078436,1.044930122103814,1.0620636654336497,1.1113645344519087,1.088398540984312,37.3955138096041,82,0.2619844824001073,no,417.5190340213801,0,0,0.443241285773038,211.48057556025773,221.27317016055542,161.05045046947149,403.9303240936923,393.182561351238,402.5533778737387,439.9488916833424,391.0944427920591,26.42459122932097,67.04857620594653,0.008259673813995705,282.05661593641804,0.01931340607582399,64.24259864238407,376.0000304809365,40,10.049487977910115,no,532.2698295407818,nn,0.033657501285189836,0.6513367728737315,0.8623098100229466,461.90496632278155,171.5685672079495,8.849640655768837,6.135557707257842,8,0.32221020317219334,282.05661593641804,512.4914270612261,-14.608543270518458,-15.529091839201115,-1.4365563395201146,-1.7130518493189584
0,11,3,337.63518261997996,103.89747795285693,123.79062305288936,43,1.0051592725282803,306.80662049682815,1.043973055731647,1.0390025670774925,5,29.298516836400154,752.1444939517686,1.0594016427381412,279.09797522964493,412.77456509877464,91.91504210049607,198.25893507008183,4,2,0,0,0,0,198.8449271365751,13,30,56.423964298118804,1.029570502364597,1.043488168530419,1.0671085237881244,1.0550118917879276,33.70378765341509,79,0.08504232747731758,no,349.49434256290675,0,0,0.43741154851365666,201.81764296794103,209.56456315956248,236.25599175151726,560.6900047009827,313.2351179484847,366.164805814152,399.8685934675668,346.2716607141194,3.2226818487873636,107.16836582569914,0.008259673813995705,263.3026311093921,0.015554620360226831,103.18100280106113,318.82634220815544,40,7.967730555283493,no,445.11623665135176,nn,0.03304953427730499,-0.12760570835089996,0.9079718695389443,443.6342433813576,135.72497534653758,7.314740533234125,5.205032356670171,7,0.2491376248366057,252.40654663769013,427.76297350102686,-23.79017706828641,5.5083397681105986,-0.6920492901280522,-3.20498267812593
0,11,4,433.73228797913674,124.5670630030633,135.8290615000375,51,1.0278796961499959,389.09107065497517,1.0306148929021088,1.0311469518955942,5,-5.2810813649644786,666.0988987384807,1.077263943311976,272.7321822215256,589.4734499069924,106.09017060464191,331.5471655633206,2,0,1,0,0,0,195.8292641096069,23,28,150.96959831286983,1.0328316476939603,1.0318323765238002,1.0608692919188119,1.087736774264201,36.54609737724431,99,0.06991107187406564,no,442.392744002426,0,0,0.4327485488944103,216.2558699972314,217.0638079700226,217.86613926090894,432.54968669685,462.01440847000396,430.01576477379814,466.56186215104213,418.75376627682357,23.638977725602462,119.73678983920027,0.008259673813995705,283.3432334324286,0.012576468871324986,118.82612259059991,400.18736237814306,20,11.022842288637733,no,581.2340236716385,nn,0.02743893861214969,0.07364087759123662,0.9231114550780772,543.6591334259454,242.82801414863135,9.982880227300999,7.00188428229894,11,0.29510983710954947,271.9298509306393,558.7879642787686,-10.086494353502692,-15.367575718465048,0.23601033768982838,0.9394938057816944
0,12,0,388.58881919979456,102.62453140068084,131.88066366767725,50,1.0048421619502987,348.14825484358215,1.0433136004034143,1.0413707554948133,5,3.0578861336443595,720.6267690280323,1.0742206113144612,204.016624355729,645.0607980016046,110.94065466239988,346.9011677845029,4,1,3,1,0,0,201.74514790840914,20,30,139.5109378892699,1.0332986678309959,1.0364662183300415,1.0702865312982877,1.07636400100913,34.862079939593016,91,0.138196937785561,no,398.57455943515794,0,0,0.44730587204484595,206.4274997599271,207.24779913285022,154.13935214534686,501.59209901142725,536.9667826473992,390.3417003119106,425.20378025150455,361.08556804491474,37.488991390243186,95.34726553779447,0.009177744566482727,280.90068091214994,0.0187404819586943,90.96526722555846,361.37703014980457,40,7.353178415138197,no,596.1193747474504,nn,0.032767147205027464,0.26854682916541345,0.8974770110994444,543.9542900089245,213.7592501454564,6.504245929716116,4.536148727271057,11,0.227906636446138,257.12507134323243,591.0884743636404,-31.116458135036837,-28.0585720013912,-0.9690446421761152,-0.8912812258643044
0,12,1,498.55586311100484,166.47569224835252,142.77891748357297,66,1.0651650346179315,430.0,1.0502378442284064,1.0389030581456786,7,-17.906472099041707,557.3725391000683,1.1085929170253115,353.96960565154114,813.6269305971687,105.96626643514549,454.65306560788997,4,1,0,1,0,0,271.13324846762544,29,37,180.834899912226,1.0296544835313104,1.0480588078785036,1.094129956577128,1.1196520870181152,42.66302762521695,127,0.09020047059080273,no,523.036197361841,0,0,0.413938109668735,229.80103922723765,280.00041105650195,247.2350736082772,325.16360390375434,687.3842618359998,490.26374333702654,532.9267709622437,513.9605181018061,9.075679260034972,109.21049272103393,0.009177744566482727,397.8497369761721,0.014821200256129386,110.13347871014001,449.57433950628695,40,10.817997823198617,no,784.2146369258032,nn,0.023803314105451712,0.15051371647138648,0.91384531056601,722.4000926241191,314.6810935540474,9.45512348873813,6.627762083720858,10,0.2541251699000908,386.7349430997658,756.4562258298764,28.432538628330047,10.52606652928683,0.030391983886526752,4.705371879663971
0,12,2,407.88941145710896,150.3899286237811,128.7785643029475,42,1.005037266007071,352.1560125512338,1.062961796089421,1.055332372441708,5,23.561524318818755,698.4421771124031,1.096634013273219,255.42953920688788,507.6105207757062,104.23696670717004,260.1841403109704,3,4,2,1,0,0,198.86908775299753,17,25,109.37367285274097,1.0638267826663215,1.0601230701926552,1.097012484751583,1.0963480148803835,36.58273827244557,81,0.11973352083960974,no,421.49023182695294,0,0,0.443241285773038,219.28093957771216,193.12197315859808,186.46412912731893,503.4077273806204,416.8130377510935,402.63391184891566,439.2166501213621,424.24527616974956,-2.755044342796625,42.709395495513725,0.009177744566482727,262.08738323816715,0.01588447309383273,40.23029235527363,372.08528840811937,30,9.903009927503527,no,515.794060027958,nn,0.03376298750953137,0.1908686066849297,0.8630731087792245,454.09247307815633,181.30841953584581,8.553509032399846,5.960784490522013,15,0.32771918910826936,262.08738323816715,496.8589366032334,21.173889162025144,44.73541348084528,-0.2683625408267609,-0.16911261798168198
0,12,3,323.489528005997,96.73455379930594,122.00836401790835,42,1.0020625490008468,288.4781798443863,1.04614103794737,1.039905805044408,5,33.2802249334718,785.4247188852421,1.0663375631093108,275.37061178538283,392.52969744574295,136.28306994012758,197.20165071976334,3,4,2,0,0,0,198.933816857554,15,27,66.4154866360404,1.0392339335879532,1.0468187185487683,1.0769091953557137,1.0606246160762376,32.282586321152074,75,0.1885106227248237,no,327.7761229614427,0,0,0.4456468465939176,201.81764296794103,160.745933674952,216.75539504548183,528.5485751485389,271.93662364916787,357.0777814771999,389.360367798352,331.8039712585976,-4.027848297154903,79.74747415507005,0.009177744566482727,272.67073803359307,0.01245857890339377,77.27593030815856,301.0481229352719,30,6.307114271210569,no,412.67926253644913,nn,0.034546870565207215,0.25753760667472136,0.8948445813804586,436.78894149679877,158.37860304759053,5.725007433898557,4.048573007940825,5,0.22231269648467836,219.36115041485306,439.77559469275656,-28.845948957066213,4.434275976405349,0.7236783106737494,-4.295817049137554
0,12,4,375.79676800373073,135.74632157685932,126.52451817687356,52,1.0260676504762978,334.79281491815937,1.0364354836726153,1.0333630555951676,6,31.638221697803488,697.7371204362846,1.0857776420225351,313.4414192059434,566.5973367489746,76.7510832479918,305.8668703486762,2,1,1,0,1,0,233.55107478255076,24,28,151.74390382418665,1.0262821486423397,1.033094565199223,1.08047560410216,1.0895453997436977,35.98465903650301,99,0.037450066524623384,no,383.3758353306964,0,0,0.4327485488944103,220.7109210139764,204.14701810596017,240.6691852024376,518.8809158899448,464.49221545062596,404.01574855843467,440.00040759493737,413.2375519584203,-29.861716627723876,83.35335594674406,0.009177744566482727,300.4389092064908,0.012682692259996759,82.24615626916264,345.3631339315262,57.493168525935566,10.341503799778415,no,563.598660994415,nn,0.029846814492007365,-0.18651711923758427,0.9103515889462321,554.0186004156508,254.05839207989712,9.289848705324074,6.581149463916288,16,0.29952746837417726,276.9192521094659,552.1699088953449,10.355979301748441,41.99420099955202,0.4833368884425431,0.6508390133201374
0,13,0,395.07801887574794,146.95353783048944,123.12644657710747,49,1.0068196810056078,346.8567405217023,1.0396463840091308,1.0422944995038173,5,14.36844589574548,734.995214923782,1.0889859166326579,322.38979076342014,524.3188567382379,129.5310993954081,338.7777874155249,3,4,3,0,0,0,201.95481272354868,23,26,160.9214365330465,1.0368625853708389,1.046584118868866,1.0928545464834596,1.0859406863404526,40.61391553327203,92,0.07641872783580976,no,426.53212420773775,0,0,0.44730587204484595,206.43518602473137,199.21030851397063,255.8296583709727,498.57641628485146,417.4311574947147,380.08760310588576,420.70151863915754,403.9146943592678,22.617429848469975,70.67905444063493,0.007657384261164267,277.06700001224385,0.01183779957389307,68.30964273411361,359.14140045578085,30,8.054098256001842,no,596.8362784373624,nn,0.033315519412516405,0.08865404034333835,0.8851646477960303,533.8923378772017,246.4939758696792,7.193379892075229,5.0241396517469346,12,0.2720171217283809,265.7704409064181,580.6103997382113,24.657079142459608,39.0255250382037,0.6205231136121956,0.20946477546544884
0,13,1,493.8494594865783,164.88843945882684,151.38306920745765,67,1.0741539201369639,426.14588449384104,1.0503506719373148,1.0417402719143098,7,-24.66773551479193,532.7048035852806,1.1111919751726045,474.60776202610987,736.1880332527419,69.25162446608715,458.9058507102142,5,4,2,2,0,0,271.4502404640061,29,38,178.2159716833161,1.0470918912153042,1.0530276740275781,1.0976213436795819,1.1210546509378172,44.69605350559562,127,0.14063457955587189,no,514.9601867934932,0,0,0.413938109668735,236.4306103162328,307.95063013567085,356.8282877515763,333.779067305338,606.5139214388855,501.2240038856521,545.9200573912477,514.7293741370212,0.2308126564720901,84.38835138055244,0.007657384261164267,438.8227816789108,0.011195573489435631,86.05134526952853,443.69574765311,50,10.215136675635351,no,821.0689037029647,nn,0.025713409707299767,0.08435509297212547,0.9183406448573844,733.772404886422,314.9415325590812,8.845301252880565,6.210337944156824,16,0.24992438716955828,425.7301044102045,796.8969884814705,20.91911606335111,-3.7486194514419484,1.319800642735002,6.093945169246922
0,13,2,419.9985252309614,108.98137611382532,140.2520902685577,45,1.0062024446233169,356.3975630860754,1.065345785492806,1.0584858473649572,5,10.97401593015735,709.4161930425638,1.1089394436091236,205.38177815764456,598.0539877263845,114.97806197082298,279.6052445299913,3,0,0,0,0,0,191.98952199210817,17,28,97.90452977007052,1.0547425611314376,1.070974892877155,1.1162819725177953,1.1050174541685969,36.68486611581017,86,0.20346456307763222,no,413.35649247942683,0,0,0.4437524795750928,219.28093957771216,249.21769277119807,174.1639596332684,509.30818790663284,512.9240445612766,410.1358007116428,446.8206668274528,378.8650865569103,34.49140592251656,78.32299986195376,0.007657384261164267,291.7905220726592,0.0192341630514043,74.21040316414164,377.2599302684807,30,10.706369569830827,no,550.6354383758102,nn,0.03388930012207712,0.3495542847592124,0.8503079050668608,489.6711296744428,181.46492660828133,9.22349386268479,6.379128523929958,8,0.34142454302762393,280.43551129557426,544.8959601138176,-33.43564795184261,-22.46163202168653,-0.9684398375953265,-1.1964939595148962
0,13,3,345.85306761579113,123.32593788869973,116.81528598179688,40,0.9979982915825397,311.69468723191744,1.0466884428505043,1.0400084138799042,5,16.80158707274819,802.226305957993,1.0661205635023174,235.82395690453683,448.78249393618995,148.17560649823292,196.41171819588615,3,5,2,0,0,0,198.7697711229559,17,23,79.52168148838864,1.034655663344465,1.0519292673918805,1.064154531975612,1.0675589694038585,42.74084526820023,67,0.26607187737734844,no,346.4428248623817,0,0,0.45,200.0,178.63346196858492,179.59767071265048,597.8948580427005,392.6266525191304,354.840575316181,397.5814205843814,361.35122722308364,-14.908402360701903,40.74203881333085,0.007657384261164267,291.4357357775713,0.015719280904428003,39.85195205772061,324.3636218376646,30,5.617219843912903,no,428.63267200813283,nn,0.035129207265765065,0.4262992985220962,0.8953751401168528,420.1883490424399,181.54372983005365,5.0651214184945035,3.5745098649910227,8,0.20730526420287523,234.8597481604713,461.2226742344786,1.6285574502840454,18.430144523032585,-0.2038906347205547,-4.678203821898251
0,13,4,373.70306242233886,124.49403501110542,137.06643426802702,54,1.0264351639125995,335.20529927595805,1.0456603970026774,1.036961079564419,6,21.6916275626416,719.4287479989308,1.0754708936640218,307.94093083573,634.6294628085288,94.86203871591795,322.4772276897653,3,1,2,1,0,0,230.68240460725028,25,29,158.4587022595992,1.0347156322988642,1.0379361712288682,1.061313699463235,1.0843732205731549,35.88553587554834,103,0.17589927632898344,no,382.28077088035735,0,0,0.44794311547160953,220.7109210139764,244.49064169534492,213.0831586163013,509.45487198279324,519.5176255083085,409.10829914634553,444.9938350218941,396.53589988942406,-14.255129009066723,70.76575318053187,0.007657384261164267,339.34841391477363,0.01626534012604604,69.51718221057759,348.08246559106504,30,8.296307915222446,no,643.4810778051773,nn,0.031691602847953235,0.2663573467828672,0.9093835497733828,577.2272765423224,266.3694705117876,7.368541122701152,5.196978251382027,17,0.26004193255971925,339.34841391477363,611.8409670244922,-13.769104704253333,7.922522858393194,-0.7679932840304637,-0.42871216330127027
0,14,0,392.613850010104,180.53257643511063,119.88945930572602,51,1.0054291423850328,343.35595926598774,1.0414449181600895,1.0427440405102575,5,0.5735632539021367,735.5687781776859,1.0983630918721066,354.5449475979709,506.88117838965013,140.27231204896077,334.1659620087383,2,0,1,0,0,0,202.18282672951466,24,27,145.87425121767012,1.0353877163101952,1.0442962132533098,1.0937310067356159,1.1030777851885487,52.142461309399636,94,0.1296381471493915,no,409.56463482328564,0,0,0.45,206.43518602473137,205.51180964291774,304.9252551463107,448.74655491745824,360.3312671783832,372.54090993740454,424.60919611640713,433.1840270667891,-23.619392243503448,42.43250990643025,0.0070350823267516386,301.13459018865916,0.008612814667226425,41.15418043170149,356.91112206524,20,8.390184980081195,no,580.7464262715125,nn,0.031758780197063345,0.16010769639728575,0.8750793690613994,558.2061803657798,258.0818886403154,7.388759933226226,5.137182506634014,8,0.28347839916789846,255.1315020945781,599.1683619983005,60.73750023742882,61.31106349133057,1.3117606542057292,-1.217377546161515
0,14,1,517.7377822156402,131.5456157600883,153.6024557602414,68,1.0828263160692928,440.9082923747206,1.0531372405753023,1.0470275424268034,7,-29.106750598790683,503.5980529864883,1.1145585185868605,507.7983814444998,713.8369168767372,79.05661153505037,454.43626599528,4,3,1,3,0,0,271.804897691836,27,41,144.93970264450874,1.0462026564032778,1.0547262320704942,1.0995043364721064,1.1237039975584238,45.02053935162603,128,0.1169842483518322,no,537.26628805963,0,0,0.41024195487923026,235.31102067349954,322.55603829009357,390.4946880021936,386.4840986548099,675.7795740801093,508.84043000552185,553.8609693571473,486.78359000536807,50.48269805426193,118.03217674349591,0.0070350823267516386,472.97797317495815,0.010526641406844141,120.6157486987205,461.6225228476437,40,8.700548565488246,no,823.4557614227639,nn,0.024125285028534973,0.08085862797935585,0.921892792274078,745.8954075694393,293.66494164604484,7.478240588868132,5.237616266320327,11,0.1920103258876613,439.85973173240006,821.7801691191917,-15.840318553872265,-44.94706915266126,1.5791452242862345,4.6373762219946
0,14,2,420.3246706789219,107.98774641598514,135.88849399117947,49,1.008916617498623,351.1509075479334,1.0738634374664555,1.0636938605102344,5,24.937968249613135,734.3541612921787,1.1207154447773608,246.13744251891126,551.3528881357555,138.81505067637977,287.4888197818415,5,1,2,0,0,0,192.2091622208272,19,30,103.6156006592275,1.0647638972195124,1.0656388182259775,1.1161526463213618,1.1232460515654887,37.307845500659226,88,0.033292611563268855,no,403.94326315527155,0,0,0.4437524795750928,220.1500535779439,211.80060999975353,170.2819329982194,495.88427498391815,451.6980525038745,402.42748129109424,439.7353267917539,374.5267337158998,29.416529439371722,114.83311087653232,0.0070350823267516386,309.9489391651248,0.016230694783104516,107.18016433195012,375.50196779712604,50,9.746995067254979,no,566.2164521339377,nn,0.0332016701429452,0.12060450866812504,0.8403224921266116,537.6173928237885,203.79126233659142,8.263161912975171,5.804128373763896,11,0.2905122885316439,287.6561195204455,571.6243332017294,-28.18461759807154,-3.2466493484600036,-0.5732851890188879,0.28941516614167995
0,14,3,370.13419698668827,118.88872201998362,120.78812929817349,43,1.000888288028388,325.7691527988258,1.0467681421940969,1.0411932524152971,5,19.928307104293253,822.1546130622846,1.0879439685257726,245.1242028244152,502.4584725023539,129.0433035815148,229.11951607408778,4,1,1,0,0,0,198.2442101875417,18,25,82.41727338213387,1.0438381092161642,1.0493647507043455,1.0877383184935423,1.0880793355902598,32.93878760077917,75,0.1821456830538853,no,378.35786108897867,0,0,0.45,200.0,228.39022913179014,193.348175550714,584.2229046774772,393.57006769906167,366.69387509383273,399.4867571957941,364.7944678156431,13.563393273335585,50.759764126458904,0.0070350823267516386,302.93756511942433,0.017695815974264617,50.05078883272065,339.53303254488986,40,7.112301543002679,no,505.62963595860464,nn,0.03566007253256705,0.33585401045524177,0.8774098356726795,455.5710788376229,192.71823351819265,6.407262192550574,4.490804500345646,7,0.24660523267640663,280.16625640549125,505.94325579181657,-6.672126162706947,13.256180941587088,-0.8505123148521552,-3.9222065696649224
0,14,4,382.3588573938045,122.55198437024289,131.33810664609,55,1.030513508355054,338.2197740908206,1.0522242941626796,1.042313923220864,6,14.614553407824417,734.0433014067555,1.0752130417128596,252.81050517907542,702.9200598457463,65.08211333324289,338.4844753334751,4,3,2,3,0,0,230.92680441668338,24,31,158.1785056299163,1.0435370322812674,1.047372898461903,1.0585339032895054,1.08600116074932,35.80464636633302,104,0.1481693491226353,no,389.3222113884175,0,0,0.45,220.7109210139764,276.60192384919327,185.81055921631068,540.670397312205,574.6292690844392,404.26582943895676,440.0704758052891,395.47970716310937,-6.157495774691876,43.3254153959964,0.0070350823267516386,366.32609616026355,0.01749556904312889,42.34856350276579,354.2416615094565,40,7.582349778084445,no,662.9567601703,nn,0.03350708317863124,0.09512650467077229,0.9097295497409617,592.5636758506394,257.2548883262059,6.76404696638813,4.7387024425085436,14,0.23285540280356165,343.60186981195807,658.5599941334618,-10.040437922777656,4.574115485045146,-1.467108374621148,0.21279272769061208
0,15,0,401.70704865626965,125.01218289742691,127.06942165621693,51,1.007597564358419,339.884631413631,1.0502895515906354,1.0449698643425158,6,-7.165336473382297,728.403441704306,1.1287759489394391,375.7299792710051,563.9569669748952,107.36344129427732,347.3204262797257,2,2,0,2,1,0,242.90109742691067,22,29,138.35817472150543,1.0405695470111318,1.0423748085193194,1.129765310807022,1.1281258714022406,33.88769494599522,91,0.23735074742407736,no,401.2942872674487,0,0,0.45,209.6893390837309,227.37981252258382,320.0477232320635,488.0303059418857,430.9472725067513,396.6473863227893,430.3159463729214,394.59014756399904,6.70413970344964,43.40467026874186,0.008527258981934639,328.23925583986954,0.009897464040355524,41.8785341871643,354.7534978987582,60.49691663584125,8.478701230195753,no,620.0522515256715,nn,0.035812349131127075,0.4087737001336163,0.8496731318040079,564.5281359701337,238.44492845920664,7.387196219582667,5.087523204793405,14,0.2853818542524711,283.0620685615253,641.4192916498159,-1.1858631888700337,-8.351199662250824,1.8454174798272014,-0.9740419099072142
0,15,1,517.1402431724158,148.84143723376042,149.93540335391154,70,1.088468976058355,440.5863419327927,1.0560055383540394,1.0515951576552274,7,-24.23567512185295,479.36237786463755,1.1172867853746544,373.42420409908925,819.4970476304295,19.48342478635692,433.333196580671,5,3,3,1,0,0,271.23157820186816,29,41,151.93656116768065,1.0374654193676778,1.0607755233798029,1.103556304345301,1.1265800997762192,44.37365712906225,128,0.030997086315348404,no,551.6507980951156,0,0,0.4069520337174874,226.5562995011856,343.9705635306281,270.7615669824866,351.7956263307089,711.4137208828572,498.03902935407314,542.4126864831348,496.94506323392204,54.70573486119362,136.7754597976505,0.008527258981934639,499.60391160110635,0.017213062698052558,141.7963443962739,461.9899186599586,50,10.547752430017912,no,804.4815505150225,nn,0.02391070170120405,0.10773977885464973,0.9201672696127577,767.5182624798638,316.0178673345044,8.99929471482319,6.372585779417772,15,0.2300832149319605,446.63320064723075,821.5129584731976,2.8849401759715585,-21.350734945879893,-0.9103746342154642,4.8892809303381455
0,15,2,414.0561698830179,154.78248627634738,121.70779069004024,49,1.0092657133295204,357.9965735207966,1.0669355011726906,1.0681125367269526,5,27.959732535630906,762.313893827811,1.0928163609112667,287.78532114051916,488.5610891038092,116.73397143963405,276.37953174156564,2,2,1,0,0,0,192.41667848192105,20,29,102.42669327035162,1.0737729667513123,1.073906989463438,1.0747032148952493,1.1078069484147306,35.637263493068815,87,0.053552313963994895,no,424.2144456858307,0,0,0.45,220.1500535779439,234.11935653532387,259.5532122551829,556.4891424943013,399.4703092099334,404.70008872344016,440.33735221650886,437.7747843097471,-13.56033862391637,90.20959090168661,0.008527258981934639,296.02689251199416,0.013439539701104695,85.48365710020217,379.41474669196145,20,8.415333405461839,no,526.447008125543,nn,0.030302001973567312,0.041923477650855696,0.8604724479974607,537.2776509068764,214.06171325580007,7.030058796422404,4.976339109762129,9,0.2550881056212848,262.35146542066,541.0068826811495,32.86726250368973,60.82699503931742,0.23489698640456425,-0.4423300690219776
0,15,3,374.7608532489851,137.22092102732486,122.05077047251598,45,0.9983765393966846,335.4863981181709,1.050855203584954,1.0431649330340829,5,18.134955127764158,840.2895681900519,1.0724253778723927,310.78609147824346,446.00255775821506,163.55676233217855,243.37458238849814,3,1,1,0,0,0,198.44565407350308,19,26,82.07875244569023,1.043027917685058,1.0491314065494894,1.095196747267344,1.0562854642742785,32.936046231299244,81,0.1236123721755949,no,385.9158541630148,0,0,0.45,200.0,230.64668791538296,273.3671249054645,533.3065293154434,302.5762812157854,370.595090304003,403.5111205290982,385.76524085881164,0.1506133042031374,47.769279804113,0.008527258981934639,311.95903361710856,0.01368984393696444,47.065156064742965,351.2789161147145,30,7.728387093794126,no,507.76845364565605,nn,0.034912118077998544,0.28746986071315644,0.8860574493480563,482.00885021854566,203.1001008148985,6.809721618754733,4.762199566348352,7,0.2616437079191579,268.06565448816207,531.3897100208904,11.773746033311568,29.908701161071846,0.21418045897857496,-3.610584980475892
0,15,4,417.92468199387,99.4269385416446,144.52057980381937,57,1.0341456936671494,364.0514872258457,1.0492088853331667,1.0469240826496902,6,8.729970218935051,742.773271625692,1.092808898790174,279.11724204101955,714.8663879481969,113.12090394450638,348.3239012140872,3,1,1,0,0,0,231.17608568534422,25,32,150.50834578222685,1.0539363801102801,1.0510286770037118,1.0636159429888081,1.1075752039343967,36.39671453117139,106,0.10505927995577706,no,412.50527941354756,0,0,0.45,220.7109210139764,298.14373294076603,210.53052606948725,453.3939613850138,538.6079816520258,415.3990892888346,451.79580382000563,370.30544802666,42.19983138688757,83.24758315280906,0.008527258981934639,401.2501946500768,0.01880249881246719,82.05914387718003,380.11831587353873,30,8.644383916525992,no,692.4321391789258,nn,0.03315245091587327,0.051162685890944706,0.8992088768482058,615.8947630601024,268.50334779066367,7.679347723721267,5.325200682199341,13,0.2795888982873643,366.7304489122983,699.9285699563122,-46.34008552409964,-37.61011530516462,-1.3841202909948764,0.13767602907000764
0,16,0,428.395207790717,110.70737832430561,139.02269786189035,55,1.0115372905894398,367.01244839502533,1.0478906765262448,1.0496235455459355,6,8.087518046408803,736.4909597507168,1.1154858383871262,392.3151035740873,589.5193398038905,110.47364396260684,374.4243437247244,4,0,1,0,0,0,240.8857632188874,23,32,147.98336825616863,1.0407727652927605,1.0555173333159962,1.0957052539428234,1.126676328912241,35.314416145844376,100,0.10816739501555375,no,420.7487552079195,0,0,0.45,214.64197940716474,255.80356767149124,319.0185041940237,483.66960256025817,447.17162657603967,405.1286512343325,440.4430673801768,376.81333169674764,43.935423511171855,89.08926883895786,0.006909323828020291,352.2172958783198,0.01071216519650233,86.21257391076625,383.4865846909719,40,6.847760426233932,no,691.5851445102664,nn,0.034249238701493684,0.09433780756434619,0.8637475363722913,612.3452234994164,250.1687417560861,5.779725945753866,4.01500390072452,8,0.20626591483534887,329.100167051555,691.4095979305575,-28.538377076227665,-20.45085902981982,0.6921019362918157,-0.9151594749347396
0,16,1,489.0859626706857,148.77175540381575,150.67384096806413,67,1.094634147431898,414.0,1.0655800540544453,1.0562048430427224,7,-15.33105483932448,464.031323025313,1.1150792575016935,421.5663261203241,765.4496786505505,52.2073498693444,406.68649702010015,4,7,2,1,0,0,266.9513200602171,30,37,168.6227443824678,1.0470825261287262,1.0608945488687453,1.0940410805109522,1.1294172868540386,42.828943289181495,123,0.11750843231183299,no,517.9990887897897,0,0,0.4069520337174874,227.55505993929205,362.06010244359413,321.5769863894425,301.8963204790732,655.5220259736557,488.51026192420875,531.3392052133903,486.6081763599604,31.390912429829207,108.05692054949064,0.006909323828020291,502.31461958779676,0.014672674693893065,112.54115686738103,438.6230398922226,40,8.555196585797512,no,790.0392517885809,nn,0.02569072850068671,0.19630154877622524,0.917593009948359,739.0115979226974,328.54882684327515,7.249652279660166,5.129908018294108,9,0.2041793108777394,462.0494421744758,801.6966285338003,4.186408212175465,-11.144646627149143,-0.22122867760224096,6.309722454026087
0,16,2,414.4532304943149,134.19068888591642,125.17006733952763,51,1.0106970454989441,354.9141440121136,1.0729344738875184,1.0723979410075988,5,-4.0598291994381555,758.2540646283704,1.0876769976731877,308.13367773813775,537.40949431825,153.58755086165377,284.12390499633835,3,1,2,0,0,0,190.629042702156,22,29,121.91358028206531,1.0628746839000516,1.0697631174307047,1.0792854876807605,1.0936542519538683,36.097657653640155,92,0.2399226333069067,no,436.51488241452944,0,0,0.45,220.1500535779439,257.3909905984779,261.5895399256725,506.7306546868638,439.4736352383976,414.4808996616512,450.5785573152921,423.50152120803983,13.013361206489625,90.90902669750584,0.006909323828020291,326.6378701535446,0.014094418501053372,85.80361765322421,378.68561187849605,30,10.228887364271264,no,577.0776611843197,nn,0.0312206315384353,0.20899551314109646,0.8670357473787574,558.847295602569,237.772235781317,8.728211000256628,6.1464986922097795,14,0.2998352261927688,303.9351284109431,585.6643747631354,6.146697341145993,2.086868141706895,-0.46440083346939964,-2.409523371773389
0,16,3,387.2604564893546,112.44038209895467,124.58642994135046,47,1.0026295241473895,336.4460794266234,1.0599872006118078,1.0495550734851335,5,7.5630868719768785,847.8526550620295,1.0872708493419247,243.97438434928517,547.3073608264237,127.95651353181643,269.89023148037484,4,2,1,0,0,0,198.6435846719168,20,27,92.54203766465673,1.046521568439239,1.0535250867734602,1.0905754122613875,1.0852563099228814,34.13648954244735,83,0.18147523692013331,no,401.5814191853815,0,0,0.45,200.0,218.1388965376285,175.28209666121234,578.6721590649364,406.0833783611461,374.4952543852664,408.63174392771356,362.3492065428703,39.2322126425112,69.93749338869516,0.006909323828020291,321.36866754421754,0.016538474082508182,66.4268443828299,354.1601690826201,40,7.501090193255842,no,552.5265504154405,nn,0.03572962673787331,0.3403877369496672,0.8736832915912511,506.2907264898127,214.09444587780916,6.6642621517780025,4.624819405790541,12,0.25340098358098434,286.8311842257014,569.1969625998615,-16.543567149146483,-8.980480277167693,-0.4159106920131692,-3.9816086147375245
0,16,4,419.1498892767538,157.6571897817234,124.3143583838833,55,1.0360618855957036,363.54765992527894,1.0564023223047698,1.0505316225861632,6,23.05770447442049,765.8309761001166,1.0985623610384982,366.2747880168123,582.1407260442475,106.4083206977615,338.8820431626188,4,6,3,0,0,0,229.54457843041843,28,27,172.38965251231662,1.0558437442110757,1.0468578793635834,1.0686100313700226,1.128321499696413,72.88644919669079,100,0.05720751676757886,no,440.4403672667565,0,0,0.45,222.2289876133961,262.5309872915554,278.45741737239626,577.2195350518775,499.9376056937701,374.9107191888146,447.79716838550496,408.2535505866548,32.1868166801017,66.92459043008927,0.006909323828020291,383.3080304597843,0.012163288145620735,65.20310345820934,383.02987191789225,40,8.176381098108108,no,665.8269930113678,nn,0.032468382694303306,0.06506507777663031,0.8934109526337757,597.5641895518096,301.70952961333757,7.122095172978564,4.977203012494036,9,0.2620304461203645,350.3483579359715,675.2720195616698,34.74883867205225,57.806543146473125,0.4094382667930514,0.9965690074191116
0,17,0,389.4182076174863,120.90694065533106,133.13722522605065,55,1.0103570245679887,337.9775989240128,1.0522254104713316,1.0510669144311418,6,36.50588123170857,772.9968409824261,1.1004646782273235,429.69616589742236,570.1120591689574,78.00473053987673,356.0105939620346,3,3,1,2,0,0,236.85782988833324,22,33,132.720151134084,1.0421321433513053,1.051474824687371,1.0711803841432113,1.1192887376537033,33.695151376487566,104,0.036701027889789496,no,388.31264413235715,0,0,0.45,223.21399043654455,255.72308468243875,349.23100015665557,555.8526790657135,430.97262779212076,395.8696844559647,429.5648358324524,383.63939988524527,4.673244247111862,72.70253797921431,0.005079872271716028,347.809993501594,0.009431932330169125,70.07135555838452,354.2083945362206,30,5.886252448974476,no,683.5162169225346,nn,0.033526831927073585,-0.22884674527233842,0.8703263595374172,614.10858237519,237.17789605301894,5.020470939026818,3.5685394676865845,9,0.1633290783595073,336.1882504232058,671.5132075474869,-11.903371662921218,24.602509568783596,0.8917852730022542,-0.5648723652038825
0,17,1,484.0599748570669,155.2443496310198,154.17010183708854,68,1.0989830736266013,403.77870617107703,1.073012322493999,1.0610096613701048,7,-12.200602236827251,451.8307207884845,1.1162286439224838,420.8974383921141,758.6513605269038,63.25630091038789,404.8329864720339,5,4,3,3,0,0,261.5363626461493,30,38,152.38434014623385,1.0541299250416871,1.0770892772975635,1.1080817324023458,1.1217571093821628,43.744874990235694,123,0.1146217856027754,no,489.45800775200496,0,0,0.4069520337174874,232.11056179969896,348.4314135642995,303.7823114101076,299.02055927108194,669.0974999198882,489.5825905228784,533.3274655131136,490.65683831680957,-1.1988305648046031,79.49098641421872,0.005079872271716028,526.736655235145,0.012701327405026656,82.52842159266434,431.31332461246046,50,10.411683579466864,no,789.2179322225426,nn,0.027212814978684007,0.03658297033317709,0.9182334250728725,756.0332371729256,329.6411142036464,8.800267738383702,6.175542391022907,12,0.26827735585546125,465.546540546306,824.5672311850634,5.517935484507197,-6.6826667523225876,-1.038591105990046,5.482278796565993
0,17,2,395.6271688191764,127.23586543556209,135.22922630803114,51,1.0122318616035448,333.295529629347,1.0779694822894612,1.0749650732785778,5,13.746842044424056,772.0009066727952,1.0991282274792116,308.804098241607,550.3816585166826,123.52014506764851,297.90049639147463,4,4,0,4,0,0,190.8299412121393,18,33,94.58111297848117,1.0725945104449024,1.0733138937690276,1.0737170566596879,1.1158701729388512,35.727297183142696,95,0.21611715872464,no,392.71547256569175,0,0,0.45,226.15248063993226,232.5525561240001,229.3454301141891,538.7562610315623,440.65715794309796,407.245313080815,442.97261026395677,399.2519522083451,-6.536479642653291,70.86508951374029,0.005079872271716028,324.7300290576256,0.012638302377029072,66.68221464736921,358.2812478537872,40,9.839849323730402,no,600.0475856104318,nn,0.03386202772909715,0.3308247653284935,0.8539417451778805,562.789838487481,192.71503048536223,8.415775666310635,5.869709276249372,9,0.33499441972411736,312.01122425141807,603.3228809220242,-9.037717292978458,4.709124751446617,-0.1321927812441448,-0.912163639265259
0,17,3,414.4315256528252,107.24186371029,129.63324091264906,47,1.007469837040553,357.9939408547192,1.0603797558188248,1.0575698693037245,5,16.576889440336117,864.4295445023638,1.0936738683259621,261.64890987636295,511.0714621158454,148.44046419057645,265.28436200967707,2,2,1,2,0,0,196.77284603244013,19,28,83.1828616800551,1.0572437162473718,1.0620131183038835,1.097550517865834,1.0914731965658557,34.224049369314464,85,0.07931871441824412,no,432.0666148513084,0,0,0.45,207.22140615156928,196.0352830478574,189.30749997162607,543.1031714113142,338.18555321537264,389.41978236951695,423.64383173883084,367.0284051671582,65.03820968415019,112.17930893158182,0.005079872271716028,313.7256767590018,0.011507387676076404,107.48297160089214,377.3650896727627,20,7.949919492252715,no,527.3917983907794,nn,0.03194566284723877,0.08377726202970473,0.8639695599593651,509.52769820484076,202.63513444925798,6.913785750951853,4.843089560631931,9,0.24680633353512754,268.3766929525943,553.5438686137624,-25.445749829812616,-8.86886038947575,-0.03236406479134146,-3.022008562662222
0,17,4,430.2720549142718,166.73508450887414,125.1943096572575,57,1.0430599201581434,368.625813486074,1.0579084590074026,1.0538319549321014,6,10.623555488342618,776.4545315884616,1.105102346413892,315.626656735233,682.1725238482329,152.10183964942155,339.9687744651736,3,1,2,1,0,0,229.8116790462598,29,28,163.56835143579508,1.0547006548589917,1.0584852544623424,1.068615697171547,1.1426642618982272,68.05803629646834,104,0.07861748855787114,no,436.895426234541,0,0,0.45,222.2289876133961,302.2512445744772,263.3273403404946,440.0011925975059,497.821024506698,387.83100718881786,455.51945908800246,429.3717820404342,7.523644194106793,62.47555957520109,0.005079872271716028,402.51641748442904,0.012252274823564342,61.07718458280114,388.30157792915736,30,7.977393525264076,no,663.7996947740874,nn,0.030529041144226485,0.05154998383069627,0.8910293383081573,621.0582000815432,312.15096211316677,6.890725312775975,4.825303459226733,10,0.244072914874133,354.5505609692155,686.6506205179359,40.86890330120488,51.492458789548735,0.3113626790228796,-0.983234229434629
0,18,0,394.09337995862006,144.12214700504936,133.9904386886608,57,1.0146705085896621,336.84608474336954,1.0533662886683308,1.0535479459399157,6,21.44699262635268,794.4438336087773,1.1108951828099647,366.0430614911004,631.8007311317513,82.42765481241781,367.5609092727999,4,2,0,1,0,0,237.06290867215722,21,36,111.6613217936249,1.047445714281792,1.055546473176181,1.0980989982511051,1.1201459170618164,35.04688033385788,108,0.10293943314426966,no,415.97199468855945,0,0,0.45,223.21399043654455,307.3655804731084,320.8079763566138,529.2940970663416,449.0786494017329,401.73039644878565,436.777276782643,411.8621047651743,4.109889923385156,62.46440022257087,0.004358713080748841,363.73671381998014,0.010082883278955417,60.51710743910463,354.16641135055124,40,7.6670511885507855,no,709.0950512992293,nn,0.03156481304847937,0.12302702184940593,0.8642493193261759,640.2307829944759,225.4954660658954,6.6129912884388675,4.628280124145525,8,0.2405744489025062,352.60066560759486,700.0047569352412,8.715250328715001,30.16224295506842,0.07398088440069728,-1.4904388720742645
0,18,1,501.6139971319982,127.06002644661925,162.57540704680514,67,1.105542316482323,409.65733724943493,1.090119312845992,1.0688093738769242,7,-3.3531289090065,448.4775918794771,1.128428246584946,456.22511822160493,730.1192992158649,46.26096377220682,405.86014314259603,4,5,2,4,0,0,258.4175308029256,28,39,146.33806949195298,1.0630426264686834,1.08059980934351,1.1133934910917374,1.1368352871256928,44.18819044586227,120,0.1272225893582185,no,497.15415128218194,0,0,0.4069520337174874,237.9324284999596,366.6659777465968,346.21386278485954,291.2470126333845,619.1496837419791,497.3173046137531,541.5054950596156,461.80192401356766,35.35222726861431,100.12603112698453,0.004358713080748841,541.8802785138215,0.010985546997077067,103.02854987669382,442.2023033966347,40,10.123765706282395,no,795.7097036459407,nn,0.028221419363147933,0.16841521176747137,0.8992667697269676,749.7641243771753,310.6335462369998,8.48571944014403,5.947900220976047,16,0.2521937250490456,476.6772331833423,842.2290200139612,-30.692731865445744,-34.04586077445063,-0.027599658551814343,4.850248393291963
0,18,2,412.1657652100099,132.5275874079582,136.74838769642014,51,1.0143386386325193,342.8292984909259,1.0818148843667446,1.0799155490109995,5,8.24123542946512,780.2421421022564,1.1083059081432316,311.9768991363078,573.0195298414706,175.91698398561823,312.08115913516,4,4,2,0,0,0,190.78910639732325,20,31,108.69947805495116,1.0792094792145064,1.0772534591754772,1.1045830582395622,1.1107376973423562,36.71607593587316,95,0.23972221435836066,no,408.21985919634903,0,0,0.45,226.15248063993226,278.91367074420947,261.6384545309624,496.74188490618116,465.4362566310144,411.87161903853047,448.587694974404,407.650818750069,0.5690404462800247,38.17027176588422,0.004358713080748841,352.1686184090518,0.012312269254209184,35.35623843371723,370.0691436847219,40,8.10139907822239,no,629.4984653088645,nn,0.03458546067124938,0.33017541636083375,0.8471017418617114,568.167452952542,215.2274840346119,6.825301968973199,4.774197680853382,5,0.24382537440693544,329.25211534955486,646.4540161822455,-5.443390756208716,2.797844673259535,-0.22307545289214836,-0.9995150148546372
0,18,3,416.51301279488047,135.24267614805353,125.09187180008067,46,1.0084679347999788,354.9628173114007,1.0717832393512872,1.059110141827215,5,8.1428270360326,872.5723715383924,1.1002820307919248,306.1262901731073,461.0759753484312,162.87905458444834,253.12426407045766,4,5,1,1,0,0,196.9077648902163,19,27,78.89630346246412,1.0667789647772898,1.0573686410432812,1.092221012657408,1.106077549341177,35.027248576841444,80,0.09880041600859521,no,423.3639914048401,0,0,0.45,207.22140615156928,225.4275935732713,268.0210424834014,613.9577403421102,365.34039873659714,390.87262460657485,425.89987318341633,401.0234289545477,22.34056245029239,99.91539721068557,0.004358713080748841,295.8204803778694,0.010424810475344184,94.99290099851038,378.00981660134977,40,8.297434260231089,no,509.36394154117374,nn,0.030932473594372456,-0.18187919604614491,0.8544932449792083,503.841938404461,203.32736143587695,7.163328339596937,5.041834355637797,9,0.24047640999971043,263.53284126297723,525.1756886503638,7.101470864077477,15.244297900106762,-0.1318069531695789,-2.9175265307258087
0,18,4,471.5913783123273,152.39913772605362,132.9454695017676,61,1.0498767229713208,396.2859232371563,1.0661763113891722,1.0556332597025266,6,-4.9312290577897215,771.5233025306676,1.1157127525488315,384.68616411182114,695.3897885053395,108.36926046202109,364.54313516830405,5,1,1,1,0,0,221.83404345793792,29,32,148.13434979950318,1.0599531432664233,1.0556270630315296,1.0824596414141248,1.1416481545601984,33.933131048680615,110,0.10196524637559244,no,466.5751525650644,0,0,0.45,225.85476973317432,288.305211057551,269.99669743889996,483.30096696328025,515.5367133999741,445.14367558277183,478.5151646324866,464.5973438070576,1.9778087580067856,62.19558683442489,0.004358713080748841,438.7328349696929,0.0120769108130559,60.66076022209245,420.42899013036435,50,9.357939583683395,no,729.621784817576,nn,0.028828296592244017,0.02878229826081749,0.8826133566543617,667.3136491269672,311.81102251269436,8.021667768334027,5.614803485392537,12,0.2601961446307193,402.99467773047223,742.5967379896493,20.319401428861667,15.388172371070329,0.30850118021255746,0.5572320243630884
0,19,0,432.95990402002286,140.2724503321055,126.59199122081752,58,1.0205345324184556,365.2692917889419,1.0629716712249193,1.0572112109733711,6,-5.741630108493126,788.7022035002855,1.1135391811804651,421.7282748541288,608.4533608319683,113.49112950540336,370.08224144515316,3,2,1,1,0,0,230.7647216836468,21,37,110.52224301567507,1.047265905325842,1.0574489843140733,1.095779124903277,1.1266977520861594,36.84318990130667,111,0.17273260592901524,no,438.69186808050347,0,0,0.45,223.21399043654455,300.072485677119,344.7542906649323,558.8667170773347,492.10900391442016,422.94406288968315,459.7872527909899,436.62452200097107,2.0673460795323786,64.31011106925509,0.0065390503264718845,387.5153444210804,0.011070063649336992,60.77028921364403,387.22704168338475,30,7.606327909271603,no,731.872491357345,nn,0.03149622347084863,0.2559892956141322,0.8634149296414455,651.6924139000249,225.3424010604889,6.476497474910834,4.535429097625958,9,0.24485732413006564,377.04646986631536,724.622498224064,14.034986623314596,8.293356514818576,1.61652779981023,-1.2620002877836214
0,19,1,468.45209474467435,101.8392092470152,162.02593130532722,64,1.1091731797133697,382.51140543312226,1.0977783321032797,1.0805095786327361,7,25.139625096908105,473.6172169763835,1.1255001289912987,404.7243809996092,766.5092858433678,59.327443906653116,408.95604469320097,5,8,3,3,0,0,256.3384183705231,28,36,161.91704904470777,1.0770169307875606,1.0965519129736179,1.1006357525814547,1.1372449924977213,42.77395449772832,116,0.10427829167929727,no,469.7241146783868,0,0,0.4069520337174874,242.18351479163715,358.85592558135903,287.59626572984115,340.48596046714187,692.705473240779,478.7773715264099,521.5513260241381,418.5906494680975,51.133465210289295,96.81403938012306,0.0065390503264718845,501.41682496633615,0.01619679745231986,97.08685517780734,415.1779981262414,50,9.001388718217918,no,796.9332631526263,nn,0.02977671478003283,0.16878849650341143,0.903983699872213,717.9363254333044,312.1075698573653,7.382559345506203,5.145920986514616,13,0.22821114968861414,475.9840408511273,812.7969506746393,-57.16169766780524,-32.02207257089485,-1.2535972035409886,4.278621594047763
0,19,2,424.943346291481,133.89518789468326,137.42197984251138,51,1.0178451913582096,350.28692997775227,1.0895685723265285,1.0798609313441296,5,28.89491147829284,809.1370535805505,1.117472093286948,312.82916102824345,572.688305647317,191.47011254742904,314.7333191137066,1,1,1,0,0,0,190.00036652029425,21,30,112.7390323658125,1.08739931925145,1.0779980023894205,1.1076353300452921,1.1239860782899511,34.33119233410525,96,0.15445757705478816,no,439.2294519262864,0,0,0.45,231.75588714658738,277.3169996358158,273.78071181478833,488.20501246023366,443.22637707442914,417.1237425584935,451.45493489259854,413.5969506106649,25.632501315621504,59.5969122757384,0.0065390503264718845,353.90491669679415,0.012908304709024326,55.15188459085568,378.7907748080344,10,9.359948374388223,no,617.1708765969564,nn,0.03338516412440362,0.19448020970086044,0.8366345183852882,572.7027188384571,226.9296264530634,7.820706288844923,5.448428544323322,10,0.3169161409719454,316.3654488492708,649.0729908402645,-4.280679959221967,24.614231519073083,-0.11258255755054947,-0.6413054538433016
0,19,3,392.0301634693605,157.11569189740007,123.02490457842586,47,1.0064279032257653,329.68670076898377,1.0752594824668835,1.0706284383076723,5,7.3995909268708715,879.9719624652646,1.1112653252281501,312.4351357580807,471.2715331619387,154.26224695872259,248.35503105140722,3,2,0,0,0,0,194.25644540103474,19,28,79.2998898669068,1.0622468303247161,1.0771614937540592,1.1114644120435107,1.111103555517871,34.23273265033976,82,0.1857666503850069,no,432.3852043064373,0,0,0.45,211.710701613757,244.70448039983242,288.60324666529135,614.5126332420015,360.07445089739855,388.749229844901,422.98196249524085,422.84001716387553,9.545187142561758,80.51267135320225,0.0065390503264718845,314.4250596381593,0.01280992656369634,75.50952334602697,352.90594594947106,30,8.718279640927033,no,508.7207922716458,nn,0.033631502155456516,0.299862395235863,0.8432491376463462,520.1917381479359,203.55828389599702,7.400959022253155,5.201515353171718,7,0.294685776419568,268.5363694926217,539.8695256911678,31.134241012231072,38.533831939099855,-0.15746180873147253,-2.7990844980116663
0,19,4,499.5995525772934,157.68777078348526,141.74550320760744,62,1.0622292748435305,416.33598362738536,1.0765713742527119,1.060544656165155,7,-10.654387698056695,760.8689148326091,1.1142494111352856,409.7577997368307,702.5446450670747,72.27928788521842,394.2750409478185,5,4,2,1,1,0,257.16544478147415,30,32,159.16720918445168,1.0720896862843055,1.0624610383165005,1.0694088315006811,1.1491587465578825,41.32134067065879,114,0.13184600643887343,no,501.54106014142064,0,0,0.45,233.2930792941851,353.15280422428015,339.36818064355316,568.0068307481148,581.9618488677991,459.488164984415,500.80950565507436,475.43043256029324,26.110627581127382,66.85464079105323,0.0065390503264718845,447.2882670895754,0.013487890139580839,67.05296308926673,445.13308320367474,90.57566423656833,8.460291211967107,no,772.7252876531277,nn,0.029487121414019234,0.1524235010531429,0.8815995259147545,683.8836940121961,324.7881448661876,7.149965645530528,4.967643018848648,14,0.2533759501697116,423.5424233175575,777.7337679169138,16.27314999148143,5.6187622934260055,-0.09288622998710494,0.42376864559071237
